Date,BTC,DBC,GLD,QQQ,SPY,TLT,TSLA,SOXX,VOO,Tbill,,Excess Return,,,,,,,,
9/15/2014,398.821014,23.007803,117.089996,93.955566,175.020676,97.673386,51.863998,80.912292,161.717178,0.01,Date,BTC,DBC,GLD,QQQ,SPY,TLT,TSLA,SOXX,VOO
9/22/2014,377.181,22.823196,117.059998,93.048729,173.38562,98.866592,49.32,79.916313,158.777893,0.008,9/22/2014,-5.433996435,-0.810366919,-0.03361961,-0.973176454,-0.942207339,1.213628582,-4.913132844,-1.23893658,-1.825546556
9/29/2014,320.51001,22.181931,114.610001,92.474098,172.176636,100.315544,51.042,77.644585,158.391174,0.008,9/29/2014,-15.0328793,-2.817707282,-2.100941262,-0.625559215,-0.705280432,1.457562806,3.483484185,-2.850633644,-0.251559725
10/6/2014,378.549011,21.948744,117.589996,88.960533,166.937347,102.573364,47.382,69.938805,153.556808,0.012,10/6/2014,18.0963271,-1.063247522,2.588117768,-3.811512594,-3.054973264,2.238717994,-7.182565417,-9.936426797,-3.064168803
10/13/2014,389.54599,21.637829,118.989998,87.60408,165.123764,103.444885,45.495998,71.624702,151.913162,0.0175,10/13/2014,2.887534403,-1.434050305,1.173079171,-1.542280658,-1.103885421,0.832156252,-3.997918724,2.393031607,-1.087883021
10/20/2014,354.70401,21.530951,118.349998,92.898003,172.097733,102.291412,47.048,76.187752,158.285706,0.03,10/20/2014,-8.974253283,-0.523940497,-0.567860333,6.013009641,4.19347991,-1.14506045,3.38129345,6.340776942,4.164859692
10/27/2014,325.891998,21.686407,112.660004,95.516693,176.679871,101.889832,48.34,79.852829,162.548706,0.03,10/27/2014,-8.15283233,0.692011768,-4.837768565,2.788887291,2.632520836,-0.422584277,2.71613161,4.780585565,2.663231188
11/3/2014,363.264008,21.35606,112.970001,95.705093,178.151733,102.317032,48.040001,79.495468,163.928696,0.016,11/3/2014,11.4516059,-1.539290603,0.259161538,0.18124301,0.817067169,0.403276381,-0.636601986,-0.463524533,0.832970154
11/10/2014,387.881989,21.025711,114.470001,97.231125,178.940277,102.343796,51.736,80.512543,164.658264,0.04,11/10/2014,6.736884155,-1.586863045,1.287786126,1.554514933,0.402624939,-0.013842087,7.653586434,1.239412557,0.405052037
11/17/2014,367.572998,21.122871,115.389999,97.843384,181.078033,102.866257,48.556,82.794022,166.627136,0.04,11/17/2014,-5.275868531,0.422100901,0.763702273,0.589694452,1.154675696,0.470496015,-6.186590382,2.793693875,1.155732271
11/24/2014,378.046997,19.840343,112.110001,99.859215,181.53363,104.9133,48.903999,85.61615,167.031525,0.04,11/24/2014,2.809501747,-6.111750379,-2.882532306,2.020262961,0.211602578,1.950004361,0.676696186,3.368613245,0.202690962
12/1/2014,375.095001,19.597441,114.43,99.265785,182.234528,103.714218,44.742001,87.796875,167.708313,0.0425,12/1/2014,-0.823354239,-1.26678327,2.026895218,-0.636766638,0.343598157,-1.185426588,-8.553047369,2.504595379,0.362685788
12/8/2014,351.631989,18.76185,117.410004,96.713013,176.005234,108.421738,41.400002,83.893547,161.915863,0.03,12/8/2014,-6.285218528,-4.293776072,2.574215678,-2.601653465,-3.448284157,4.508934093,-7.499489351,-4.475862111,-3.483883649
12/15/2014,320.842987,18.674406,114.769997,98.267281,180.937851,108.052628,43.858002,85.936821,166.495346,0.032,12/15/2014,-8.788029873,-0.498073442,-2.280536675,1.575092936,2.770539952,-0.37243911,5.905197781,2.403555621,2.796310281
12/22/2014,317.239014,18.256615,114.830002,99.314186,183.627975,106.799309,45.563999,86.340004,168.01593,0.024,12/22/2014,-1.147282461,-2.261238496,0.028282828,1.041364778,1.462766857,-1.183915333,3.86581924,0.445162107,0.889289192
12/29/2014,264.195007,17.712509,114.080002,97.328659,180.976212,109.52874,43.862,85.72757,165.598709,0.0125,12/29/2014,-16.73301818,-2.992822475,-0.665639412,-2.011738054,-1.456595324,2.543163539,-3.747903032,-0.721828204,-1.451185606
1/5/2015,265.660004,17.226704,117.260002,97.026108,179.936707,112.754761,41.332001,85.561317,164.570374,0.025,1/5/2015,0.529513508,-2.767722671,2.762517483,-0.335854997,-0.599387644,2.920364842,-5.79308855,-0.218931777,-0.645980083
1/12/2015,210.339005,17.051811,122.519997,95.324211,177.628601,114.578529,38.613998,82.864143,162.434448,0.018,1/12/2015,-20.84198486,-1.033243543,4.467753804,-1.772060876,-1.300732155,1.599464295,-6.59402568,-3.170328756,-1.315880018
1/19/2015,253.718002,16.799194,124.230003,98.576698,180.571014,115.937752,40.257999,84.96093,165.282318,0.0225,1/19/2015,20.60087273,-1.503967276,1.373195431,3.389526143,1.633997311,1.163780721,4.235025988,2.507891221,1.730742637
1/26/2015,226.972,16.906071,123.449997,95.588974,175.708038,118.957268,40.720001,81.626389,160.843521,0.016,1/26/2015,-10.55762566,0.620203142,-0.643872479,-3.046862324,-2.709109981,2.588428625,1.131602989,-3.940793432,-2.701584915
2/2/2015,223.412003,17.508471,118.639999,97.508301,181.081924,112.660126,43.472,83.954079,165.704224,0.014,2/2/2015,-1.582474085,3.549217024,-3.910312772,1.993895806,3.044417851,-5.307616864,6.744347084,2.83763907,3.008007333
2/9/2015,234.824997,17.780521,117.980003,101.082268,184.808426,110.500168,40.754002,88.147644,169.10585,0.016,2/9/2015,5.092496342,1.537819291,-0.572301421,3.649295122,2.041909436,-1.933233787,-6.268295731,4.979069983,2.036829987
2/16/2015,235.977005,17.450174,115.279999,102.500488,186.09465,109.077835,43.422001,88.960457,170.327667,0.02,2/16/2015,0.470581503,-1.877915187,-2.308526811,1.383035397,0.675976925,-1.307177229,6.526593878,0.902104055,0.702516105
2/23/2015,260.201996,17.654213,116.160004,102.491028,185.583664,111.655243,40.667999,89.468506,169.817764,0.018,2/23/2015,10.24782696,1.151266278,0.745363123,-0.027229224,-0.292583928,2.344907185,-6.360411535,0.553095313,-0.317365927
3/2/2015,274.354004,17.071245,111.860001,101.554977,182.799805,106.45739,38.776001,89.228348,167.277634,0.02,3/2/2015,5.418854512,-3.322146632,-3.721793089,-0.933300431,-1.520056061,-4.675269972,-4.672301678,-0.288427417,-1.515797577
3/9/2015,286.393005,16.468847,110.879997,99.597832,181.328674,109.44593,37.736,88.609459,165.950394,0.014,3/9/2015,4.37412659,-3.542729158,-0.890098687,-1.941177828,-0.818777117,2.793264014,-2.696073894,-0.707601321,-0.807435421
3/16/2015,267.959991,16.721464,113.57,102.613937,185.363434,113.582962,39.616001,91.445206,170.389191,0.028,3/16/2015,-6.464265439,1.505908233,2.398048947,3.000283788,2.197108644,3.751977931,4.953982722,3.172275718,2.646773402
3/23/2015,242.712997,16.692316,115.059998,99.997475,182.058411,113.194275,37,86.725151,165.713043,0.022,3/23/2015,-9.443926723,-0.196314881,1.289964427,-2.571811533,-1.804996208,-0.364205374,-6.625394926,-5.183621048,-2.766392395
3/30/2015,260.597992,16.799194,115.279999,99.618416,182.677811,112.909302,38.200001,86.317482,167.106262,0.022,3/30/2015,7.346783387,0.618282631,0.169205461,-0.401068571,0.31822048,-0.273755665,3.221245946,-0.492070095,0.818741908
4/6/2015,236.153,16.944937,115.970001,102.110764,185.863449,112.184906,42.18,88.744003,170.101151,0.03,4/6/2015,-9.410345494,0.837559479,0.568544419,2.47189483,1.713856018,-0.671573358,10.38884528,2.781158231,1.762206327
4/13/2015,222.600006,17.430742,115.599998,100.461838,184.013992,113.768814,41.358002,87.132515,168.378403,0.018,4/13/2015,-5.757073397,2.848962562,-0.337050614,-1.632840527,-1.013062241,1.393872645,-1.966786155,-1.833883829,-1.030778567
4/20/2015,219.429993,17.489038,113.050003,104.754745,187.288132,111.708984,43.686001,86.882423,171.373398,0.026,4/20/2015,-1.450084867,0.308443594,-2.231878066,4.247171869,1.75328861,-1.836540101,5.602896193,-0.313024884,1.752728713
4/27/2015,240.358002,17.751375,113.080002,103.342735,186.465195,107.320885,45.206001,88.345757,170.595947,0.016,4/27/2015,9.521442313,1.484008177,0.010536045,-1.363919848,-0.455396235,-3.944152278,3.463375464,1.668269326,-0.469659091
5/4/2015,240.296005,17.702793,113.970001,103.001579,187.261597,106.24894,47.321999,87.966042,171.346863,0.002,5/4/2015,-0.027793608,-0.275680208,0.785052515,-0.332120932,0.425104908,-1.000822363,4.678790057,-0.431805588,0.438172239
5/11/2015,236.802002,17.926266,117.529999,103.845001,187.987198,105.451057,49.768002,88.957016,172.035934,0.014,5/11/2015,-1.468041236,1.248360126,3.109627243,0.804843758,0.373479874,-0.764956198,5.154849693,1.112541535,0.388149761
5/18/2015,240.953003,17.479322,115.599998,104.688423,188.473846,104.418976,49.546001,90.33699,172.50415,0.012,5/18/2015,1.740941683,-2.505235345,-1.654134788,0.800193165,0.246872947,-0.990729877,-0.458071755,1.539281801,0.260161745
5/25/2015,230.190002,17.20727,114.099998,104.290398,186.836823,106.422424,50.16,93.606316,170.940445,0.0175,5/25/2015,-4.484346591,-1.573921925,-1.315077877,-0.397699633,-0.886067727,1.901162753,1.221750369,3.601533576,-0.923973844
6/1/2015,222.880997,17.071245,112.239998,103.579659,185.624557,101.990654,49.827999,91.161255,169.889145,0.014,6/1/2015,-3.189205238,-0.804508895,-1.644149021,-0.69549994,-0.662836766,-4.17831973,-0.675883971,-2.626068399,-0.629009514
6/8/2015,233.542999,17.090677,113.230003,103.058434,185.836899,102.514748,50.138,89.660889,170.074661,0.018,6/8/2015,4.765719628,0.095828839,0.864042959,-0.521211736,0.09639327,0.495864731,0.604142182,-1.663837368,0.091198266
6/15/2015,243.944,16.954651,115.120003,104.138771,186.54483,103.496925,52.501999,90.614822,171.258514,0.008,6/15/2015,4.445570025,-0.803907617,1.661168904,1.040276165,0.372942108,0.950083612,4.706984642,1.055934354,0.688078412
6/22/2015,249.011002,17.197556,112.559998,103.789391,186.571884,100.150719,53.417999,87.438141,169.995117,0,6/22/2015,2.077116879,1.432674727,-2.22377079,-0.335494645,0.01450268,-3.233145333,1.744695473,-3.505696894,-0.737713396
6/29/2015,271.912994,17.246136,111.760002,102.535591,184.340012,100.819977,56.004002,86.115105,168.757294,0,6/29/2015,9.197180774,0.282481999,-0.710728513,-1.208023275,-1.196253129,0.668250819,4.841070516,-1.513110852,-0.728152092
7/6/2015,310.867004,16.77976,111.489998,102.250641,184.491165,101.085457,51.830002,82.762993,168.854919,0.0125,7/6/2015,14.31340971,-2.716734734,-0.254092694,-0.290403504,0.069496848,0.25082083,-7.465538802,-3.905094685,0.045349351
7/13/2015,273.614014,16.371685,108.650002,107.8927,188.937225,103.411156,54.931999,83.812271,172.946747,0.018,7/13/2015,-12.00157803,-2.449947775,-2.565310118,5.499871521,2.391904019,2.282725613,5.966944782,1.249810602,2.405280307
7/20/2015,292.686005,15.681838,105.349998,105.527588,184.953537,105.736877,53.082001,80.738701,169.236572,0.03,7/20/2015,6.940399915,-4.243659132,-3.067279281,-2.222096407,-2.138471742,2.219003966,-3.39779661,-3.697207634,-2.175270185
7/27/2015,282.614014,15.283476,104.93,106.334953,187.176529,106.729836,53.23,81.286583,171.260269,0.04,7/27/2015,-3.4812274,-2.58027621,-0.438669205,0.725074816,1.161919161,0.899084857,0.238812021,0.638586593,1.155779952
8/3/2015,265.083008,14.991993,104.650002,104.777222,184.909103,108.306404,48.501999,80.14444,169.236572,0.044,8/3/2015,-6.24716231,-1.951177399,-0.310842657,-1.50892847,-1.25538372,1.433157709,-8.926211159,-1.44908182,-1.225650018
8/10/2015,258.506989,14.894831,106.849998,104.967194,186.216217,108.211243,48.630001,79.438744,170.43486,0.04,8/10/2015,-2.520739543,-0.688092619,2.062241718,0.1413104,0.666895431,-0.127862764,0.223910772,-0.920530203,0.668054994
8/17/2015,228.169006,14.389593,111.129997,97.263962,175.910385,110.341263,46.153999,72.920204,160.689133,0.05,8/17/2015,-11.78584634,-3.442035801,3.955614488,-7.388704319,-5.584336464,1.91839066,-5.141511308,-8.255744038,-5.768153551
8/24/2015,228.761002,14.885116,108.699997,100.322456,177.199738,106.814522,49.695999,77.303032,162.180267,0.03,8/24/2015,0.229455046,3.413620678,-2.216628332,3.114529523,0.702960138,-3.226212282,7.644307919,5.980443964,0.897961943
8/31/2015,239.839996,14.778238,107.489998,97.036011,171.250977,107.093849,48.386002,75.408775,156.650604,0.022,8/31/2015,4.821043134,-0.740019262,-1.135154585,-3.297881723,-3.379093564,0.239506577,-2.658021061,-2.472430405,-3.431578183
9/7/2015,230.511993,14.79767,106.160004,100.274971,174.941208,106.197739,50.048,77.693031,160.050003,0.015,9/7/2015,-3.904260822,0.116490642,-1.252318843,3.322894836,2.139867122,-0.851752072,3.419873582,3.014164709,2.155051639
9/14/2015,231.212006,14.583916,109.209999,100.06601,173.794083,106.818954,52.124001,77.033737,159.881424,0.024,9/14/2015,0.279677475,-1.468511197,2.849017036,-0.232387993,-0.679720292,0.560960665,4.124019901,-0.872588337,-0.129328958
9/21/2015,232.757004,14.71994,109.809998,97.995712,172.373718,106.329033,51.382,74.396629,156.890228,0,9/21/2015,0.66821703,0.932698735,0.549399327,-2.068932298,-0.817268906,-0.458646131,-1.4235304,-3.423315683,-1.870884012
9/28/2015,238.259003,14.71994,108.989998,99.033562,174.295441,108.971054,49.514,76.729156,159.500381,0,9/28/2015,2.363838211,0,-0.74674439,1.059076952,1.114858473,2.484759736,-3.635514382,3.135258991,1.663681055
10/5/2015,247.050003,15.312626,110.870003,101.432983,179.953339,107.198524,44.138,79.539871,164.70253,0,10/5/2015,3.68968219,4.026415869,1.724933512,2.42283621,3.246153753,-1.626606273,-10.85753524,3.663164234,3.261527632
10/12/2015,261.643005,14.982277,112.489998,102.946922,181.687317,108.645058,45.402,82.369232,166.148132,0.0025,10/12/2015,5.904402175,-2.159863472,1.458666191,1.490050998,0.961070895,1.346897311,2.861245525,3.55466066,0.875204793
10/19/2015,283.679993,14.574199,111.5,107.383949,185.477142,108.005081,41.818001,86.281799,169.735184,0.018,10/19/2015,8.404540476,-2.741738187,-0.898076467,4.292014242,2.067905094,-0.607053024,-7.911923175,4.732034576,2.140948137
10/26/2015,325.431,14.768521,109.300003,107.907646,185.852539,107.636871,41.386002,83.611168,170.038559,0.026,10/26/2015,14.69164242,1.307328851,-1.99909148,0.461686479,0.17639529,-0.366919146,-1.059045554,-3.121242602,0.152734304
11/2/2015,373.368011,14.49647,104.099998,109.297798,187.73848,104.32309,46.472,85.450737,171.823181,0.016,11/2/2015,14.71431487,-1.858100506,-4.773552477,1.272279424,0.99875127,-3.09466716,12.27317449,2.184147473,1.033539593
11/9/2015,320.165985,13.884354,103.559998,104.584641,181.034775,105.147888,41.438,81.332726,165.675156,0.056,11/9/2015,-14.30521912,-4.27851762,-0.574731998,-4.368215878,-3.626767698,0.734618836,-10.88832914,-4.875163818,-3.634111501
11/16/2015,324.536011,13.777476,103.089996,109.002617,187.085999,105.824348,44.001999,84.171448,171.260986,0.06,11/16/2015,1.304925134,-0.82977294,-0.513845123,4.164306703,3.28257548,0.5833415,6.127554901,3.43025803,3.3115556
11/23/2015,371.294006,13.874638,101.25,108.840729,187.309464,106.28125,46.321999,84.628998,171.457306,0.062,11/23/2015,14.34564458,0.643223511,-1.84684438,-0.210517535,0.057445069,0.369755082,5.210487734,0.481592882,0.052632062
11/30/2015,388.78299,13.787192,104.019997,109.63102,187.363098,105.938614,46.076,87.421036,171.466263,0.1275,11/30/2015,4.58277911,-0.757757885,2.608299506,0.598598591,-0.098866102,-0.449886122,-0.658563005,3.171650487,-0.122275959
12/7/2015,433.755005,13.145926,103.110001,105.489143,180.444916,108.96302,43.403999,83.667213,165.059464,0.188,12/7/2015,11.37938236,-4.839171899,-1.062827943,-3.966015565,-3.880393045,2.666866498,-5.987116677,-4.481958493,-3.924477887
12/14/2015,442.684998,12.893309,102.040001,104.575089,178.782394,108.496422,46.091999,82.873505,164.541931,0.178,12/14/2015,1.880764256,-2.099637167,-1.21572669,-1.044491066,-1.099345991,-0.606216839,6.014977748,-1.126648786,-0.491543366
12/21/2015,422.822998,13.009902,103.050003,107.530449,184.935501,107.263794,46.113998,85.170593,168.20932,0.178,12/21/2015,-4.66471179,0.726290745,0.811809869,2.648065011,3.263673904,-1.314100138,-0.130271543,2.593800227,2.050847673
12/28/2015,430.010986,12.980753,101.459999,106.83326,183.308121,106.385834,48.001999,84.069542,167.793091,0.165,12/28/2015,1.534999299,-0.389052418,-1.707944157,-0.81336426,-1.044971661,-0.98350545,3.929203673,-1.45775958,-0.41244705
1/4/2016,447.990997,12.436649,105.68,99.336029,172.563354,108.8386,42.200001,76.124825,157.955154,0.1425,1/4/2016,4.03879108,-4.334121241,4.016775618,-7.160193741,-6.004088096,2.16303816,-12.22949246,-9.592672811,-6.005635926
1/11/2016,382.299011,11.727371,104.080002,96.308472,168.867874,110.947235,40.998001,72.671867,154.526245,0.2,1/11/2016,-14.86368441,-5.903127908,-1.71400265,-3.247793465,-2.341520731,1.737396291,-3.048341165,-4.735915846,-2.370811723
1/18/2016,402.971008,12.048004,105,99.106796,171.30455,110.585495,40.509998,75.713135,156.779282,0.2125,1/18/2016,5.19478498,2.521556934,0.671433496,2.693084464,1.230448231,-0.538546882,-1.402809254,3.972431701,1.245528699
1/25/2016,368.766998,12.417217,106.949997,99.45063,174.181793,112.314812,38.240002,77.696938,159.552917,0.25,1/25/2016,-8.737958022,2.814515915,1.60714,0.096932818,1.429606876,1.313782845,-5.85354508,2.370156991,1.519133628
2/1/2016,376.619995,12.174314,112.32,93.710724,168.993774,113.567657,32.52,74.31881,154.669815,0.248,2/1/2016,1.881528142,-2.20417907,4.773040814,-6.019613513,-3.226508207,0.867476203,-15.20616344,-4.595826423,-3.308490583
2/8/2016,407.230011,12.145166,118.360001,93.615211,167.806946,116.240494,30.208,72.475327,153.619598,0.242,2/8/2016,7.885559983,-0.481422114,5.135493768,-0.343923233,-0.944290961,2.111519541,-7.351471095,-2.722506617,-0.92100579
2/15/2016,438.798004,12.086869,117.580002,97.062965,172.635269,115.807327,33.316002,76.7799,158.044907,0.2675,2/15/2016,7.484382756,-0.747501673,-0.926505571,3.415399353,2.60980819,-0.640147246,10.02117188,5.671863337,2.613192996
2/22/2016,433.503998,12.232612,117.110001,98.782097,175.413681,115.276962,38.068001,79.231598,160.656982,0.266,2/22/2016,-1.472479052,0.939796141,-0.665728689,1.505151335,1.343411574,-0.723971886,13.99741312,2.927150812,1.38674228
2/29/2016,407.707001,12.776714,120.540001,100.921425,180.215073,113.676971,40.208,82.619087,164.965591,0.264,2/29/2016,-6.214809478,4.183962545,2.664870268,1.901704176,2.47318217,-1.651953822,5.357516612,4.011426832,2.417868504
3/7/2016,414.065002,13.058482,119.410004,101.704559,182.310074,112.794449,41.5,83.657806,166.940399,0.268,3/7/2016,1.291453476,1.937324468,-1.205445653,0.50798389,0.894500431,-1.044341938,2.945290887,0.989238536,0.929102976
3/14/2016,413.755005,13.194508,119.800003,102.545036,183.766708,114.300049,46.548,85.688416,169.157532,0.272,3/14/2016,-0.346866748,0.769667783,0.054604964,0.554390683,0.526987115,1.062817461,11.89185542,2.155280964,1.056098539
3/21/2016,426.765015,12.971038,116.330002,102.743858,183.575729,114.725113,45.549999,84.350258,167.227615,0.278,3/21/2016,2.866375257,-1.97165921,-3.174494919,-0.084112507,-0.3819247,0.093884355,-2.422025522,-1.839655662,-1.418899242
3/28/2016,420.903992,12.68927,116.93,105.713326,187.010071,115.734741,47.518002,86.585449,171.256622,0.245,3/28/2016,-1.618360701,-2.417285672,0.270772363,2.64516595,1.625803956,0.635040972,4.075533575,2.40489231,2.164295259
4/4/2016,421.563995,12.883593,118.43,104.410599,184.822937,117.154831,50.014,85.233849,169.271225,0.176,4/4/2016,-0.019193932,1.355396211,1.10681878,-1.408320512,-1.345527389,1.051021366,5.076741898,-1.737001318,-1.335311083
4/11/2016,427.398987,13.175076,117.919998,105.981529,187.787354,117.039467,50.902,85.590508,171.969513,0.194,4/11/2016,1.190129591,2.068435642,-0.624635819,1.310569474,1.409922678,-0.292471398,1.581502859,0.224447605,1.400061838
4/18/2016,458.554993,13.660884,117.889999,104.391434,188.862808,113.915573,50.75,85.008575,172.962234,0.196,4/18/2016,7.093677081,3.491325978,-0.221440129,-1.696351066,0.376697776,-2.86509452,-0.494613021,-0.875903664,0.381265692
4/25/2016,451.875,14.166121,123.650002,101.268692,186.476852,114.820793,48.152,82.014465,170.760254,0.182,4/25/2016,-1.638748504,3.516420981,4.703913181,-3.173377626,-1.445327611,0.612641133,-5.301211823,-3.704127032,-1.455098727
5/2/2016,458.548004,13.719179,123.18,101.13459,185.925552,115.770355,42.986,81.075882,170.245865,0.162,5/2/2016,1.314736708,-3.317006229,-0.542106747,-0.294421973,-0.457639911,0.664994811,-10.89052633,-1.306411538,-0.463234619
5/9/2016,457.567993,14.06896,121.709999,101.057938,185.057922,117.630829,41.521999,80.559654,169.442657,0.194,5/9/2016,-0.407720481,2.355576764,-1.38737636,-0.269792071,-0.660654524,1.413038348,-3.599762341,-0.830722028,-0.665792957
5/16/2016,439.322998,14.24385,119.709999,101.987099,185.717682,115.73671,44.056,84.614372,170.101471,0.242,5/16/2016,-4.22938445,1.001091174,-1.885250363,0.677433959,0.114515405,-1.852223286,5.860791438,4.79118696,0.146812364
5/23/2016,526.232971,14.379876,115.620003,105.493004,190.010635,115.469925,44.608002,88.622192,173.963943,0.254,5/23/2016,19.52870507,0.700980571,-3.67058678,3.183596553,2.057547804,-0.484510268,0.99895533,4.482571229,2.016687007
5/30/2016,574.97699,14.564483,118.879997,105.425957,190.046783,118.475647,43.798,89.889275,174.099304,0.23,5/30/2016,9.032821162,1.053787148,2.589576125,-0.293555873,-0.210975802,2.373034513,-2.045822193,1.199758136,-0.152190198
6/6/2016,672.783997,14.92398,121.739998,104.353119,189.856979,120.100349,43.757999,89.119629,173.873688,0.222,6/6/2016,16.78859498,2.246312813,2.18378825,-1.239622254,-0.321872251,1.149338365,-0.313330654,-1.078215605,-0.351590409
6/13/2016,763.781006,14.836535,123.949997,102.006248,186.648544,120.83989,43.094002,87.861931,171.852219,0.204,6/13/2016,13.32144196,-0.789936191,1.611343385,-2.452970632,-1.893922076,0.411769235,-1.72142999,-1.615246898,-1.366607766
6/20/2016,629.367004,14.583916,126,100.16497,184.639404,120.991447,38.630001,86.031662,168.161224,0.23,6/20/2016,-17.82850022,-1.932681927,1.423895159,-2.035063941,-1.306429506,-0.104580323,-10.58875248,-2.31311948,-2.377772674
6/27/2016,658.664001,15.09887,128.410004,103.805061,190.708023,125.259697,43.299999,87.443581,174.679108,0.246,6/27/2016,4.408994115,3.284972065,1.666701587,3.388095832,3.040741004,3.2817287,11.84304447,1.395162064,3.629973215
7/4/2016,649.359985,14.457606,130.520004,105.937248,193.188187,128.195068,43.355999,89.420891,177.009979,0.2175,7/4/2016,-1.630058753,-4.464599286,1.425674156,1.836529909,1.083003231,2.12592815,-0.088169743,2.043740879,1.116873084
7/11/2016,679.458984,14.506186,126.839996,107.377922,196.077164,123.543945,44.080002,92.358582,179.585739,0.268,7/11/2016,4.367179206,0.068016903,-3.087497309,1.091931495,1.227421146,-3.89616064,1.401902705,3.017240135,1.187149599
7/18/2016,661.284973,14.146689,126.349998,109.154747,197.358124,123.910019,44.453999,94.674843,180.782913,0.28,7/18/2016,-2.95477676,-2.75823239,-0.666311901,1.374739603,0.373293823,0.016310758,0.568450506,2.227900132,0.386630884
7/25/2016,624.68103,13.874638,128.979996,110.672279,197.249146,126.373909,46.958,97.923271,180.737564,0.284,7/25/2016,-5.819275183,-2.207071893,1.797518038,1.106257448,-0.339218401,1.70445099,5.348791327,3.147141681,-0.309084782
8/1/2016,592.690002,13.952366,127.550003,112.16095,198.212067,123.195793,46.006001,98.761269,181.544785,0.214,8/1/2016,-5.335178083,0.346216418,-1.32269363,1.131116423,0.274174991,-2.728851384,-2.241341454,0.641770024,0.232626026
8/8/2016,570.473022,14.146689,127.400002,112.564331,198.466476,125.280975,45.122002,99.608673,181.816849,0.256,8/8/2016,-4.004499203,1.136760196,-0.373601722,0.103644778,-0.127648077,1.436575655,-2.177486286,0.602032717,-0.106139457
8/15/2016,581.307983,14.690793,127.970001,112.621979,198.539139,124.055771,45,101.83078,181.880325,0.268,8/15/2016,1.631294197,3.578157924,0.179408941,-0.216786619,-0.231387771,-1.24596493,-0.538382507,1.962836867,-0.233087944
8/22/2016,573.911987,14.447889,126.050003,112.16095,197.40358,123.742691,43.998001,102.395706,180.828293,0.264,8/22/2016,-1.5363025,-1.917443759,-1.76435007,-0.673359704,-0.83595725,-0.516370363,-2.490664444,0.290769393,-0.842419903
8/29/2016,608.633972,13.981516,126.57,112.487488,198.384689,123.984177,39.556,103.243126,181.726181,0.274,8/29/2016,5.776053978,-3.501966383,0.138532319,0.017133411,0.223006691,-0.078848272,-10.36991549,0.553593298,0.222541766
9/5/2016,606.718994,14.234134,126.75,109.759827,193.760574,121.423241,38.894001,98.422295,177.472519,0.2525,9/5/2016,-0.567135411,1.554299778,-0.110286205,-2.677357243,-2.583383005,-2.31803454,-1.926074173,-4.921896585,-2.593198504
9/12/2016,609.874023,14.030095,125.059998,112.650795,193.842285,120.733337,41.080002,102.593452,177.662994,0.246,9/12/2016,0.274014872,-1.679448638,-1.579334911,2.387903568,-0.203828882,-0.814181177,5.374406602,3.992020461,-0.138673524
9/19/2016,600.825989,14.156405,127.650002,113.93438,197.213699,122.588043,41.490002,102.941803,180.643341,0.21,9/19/2016,-1.693590653,0.690279007,1.861009149,0.929437143,1.529256221,1.326200395,0.788052532,0.129545062,1.467528298
9/26/2016,610.892029,14.583916,125.639999,114.309898,197.496765,123.206238,40.806,106.387978,181.007721,0.12,9/26/2016,1.555366942,2.899912188,-1.694620422,0.209591472,0.023532625,0.38428654,-1.768594763,3.227692482,0.08171239
10/3/2016,616.752014,14.74909,119.739998,114.069199,196.346283,119.989677,39.321999,107.080376,179.887192,0.174,10/3/2016,0.785250526,0.958576463,-4.869957535,-0.384567067,-0.756532073,-2.784712779,-3.810722541,0.476823536,-0.793050388
10/10/2016,641.630981,14.826818,119.360001,112.788589,194.593155,118.114197,39.301998,103.506317,178.220093,0.265,10/10/2016,3.768868789,0.262002005,-0.582351767,-1.38766064,-1.157875573,-1.82803446,-0.315864657,-3.602734825,-1.191746914
10/17/2016,657.070984,14.894831,120.830002,113.761101,195.378448,119.658066,40.018002,104.187088,178.985306,0.258,10/17/2016,2.148368062,0.200716091,0.973569192,0.604243254,0.145556333,1.049098587,1.56380051,0.399709616,0.171364045
10/24/2016,701.864014,14.729657,121.580002,112.750076,194.063614,117.090912,39.993999,104.726036,177.764587,0.248,10/24/2016,6.569076251,-1.356935039,0.372706768,-1.136726455,-0.920967778,-2.393408233,-0.307980506,0.269288668,-0.930021909
10/31/2016,711.521973,14.282715,124.389999,109.428238,190.420486,118.24881,38.112,102.834991,174.439392,0.208,10/31/2016,1.168044192,-3.24230012,2.103232895,-3.154195797,-2.085285455,0.780888019,-4.913703473,-2.013706654,-2.07856098
11/7/2016,702.031006,14.000947,117.099998,111.498383,197.606323,109.751251,37.712002,107.118217,181.080597,0.25,11/7/2016,-1.583896543,-2.222790187,-6.110600578,1.641783179,3.523668029,-7.436168723,-1.299532955,3.915144528,3.557170458
11/14/2016,731.026001,14.253567,115.150002,112.961906,199.505508,108.681076,37.004002,111.78907,182.802414,0.3,11/14/2016,3.830158747,1.504306523,-1.965239994,1.012595717,0.661095258,-1.275091391,-2.177386409,4.060465597,0.650856706
11/21/2016,732.034973,14.583916,112.610001,114.38694,202.263016,108.654091,39.330002,114.077248,185.389648,0.296,11/21/2016,-0.157978644,2.02165845,-2.501819328,0.965517312,1.086171363,-0.32082953,5.9898066,1.750870951,1.119317196
11/28/2016,773.872009,15.157167,112.139999,111.402084,200.582916,107.556938,36.293999,108.687752,183.795395,0.3375,11/28/2016,5.377669021,3.593206951,-0.754871455,-2.946937756,-1.168151116,-1.347266857,-8.056805481,-5.061926732,-1.197447153
12/5/2016,769.731018,15.157167,110.400002,115.060928,206.819214,105.882385,38.436001,114.436546,189.489227,0.344,12/5/2016,-0.879100243,-0.344,-1.895629227,2.940358666,2.765087316,-1.9008991,5.557807624,4.945274913,2.753918748
12/12/2016,790.530029,15.196032,108.050003,115.157196,205.476944,105.557961,40.498001,115.533356,189.370773,0.39,12/12/2016,2.312114182,-0.133586648,-2.518622244,-0.306333023,-1.039006431,-0.696400352,4.974762063,0.568443817,-0.452512261
12/19/2016,896.182983,15.09887,107.93,116.077202,207.303452,106.378029,42.667999,118.691391,188.751297,0.47,12/19/2016,12.89482488,-1.109390599,-0.581062468,0.328913166,0.41891141,0.306888822,4.888284227,2.263440029,-0.797123341
12/26/2016,998.325012,15.390354,109.610001,114.416191,205.301239,107.632271,42.737999,116.305222,188.208084,0.445,12/26/2016,10.95245241,1.485502084,1.111565366,-1.875953685,-1.410836787,0.734042338,-0.280942623,-2.455397704,-0.732792989
1/2/2017,911.198975,15.380638,111.75,117.747833,208.681137,109.19532,45.801998,116.551605,191.233154,0.4525,1/2/2017,-9.179721692,-0.515630452,1.499875678,2.45936236,1.193811545,0.999712227,6.716761715,-0.240658265,1.154800779
1/9/2017,821.797974,15.438935,114.209999,118.935654,208.53418,109.60186,47.549999,118.532372,191.095673,0.504,1/9/2017,-10.31535882,-0.12497151,1.697341387,0.504783746,-0.574421794,-0.131694667,3.31242958,1.195476382,-0.575891823
1/16/2017,924.672974,15.419502,115.050003,119.02256,208.249435,108.36412,48.945999,119.205246,190.793167,0.515,1/16/2017,12.00328348,-0.640870081,0.220490769,-0.441930237,-0.651545961,-1.644305652,2.420857054,0.052671083,-0.673300811
1/23/2017,919.495972,15.302909,113.489998,121.485107,210.297607,108.08403,50.59,123.384735,192.736572,0.478,1/23/2017,-1.037873831,-1.234139855,-1.833936514,1.590974991,0.505518635,-0.736471162,2.880805691,3.028128413,0.540592558
1/30/2017,1027.339966,15.458367,116.129997,121.369217,210.637421,107.514832,50.265999,123.678551,193.094101,0.49,1/30/2017,11.23859885,0.525872211,1.8361953,-0.585394409,-0.328412807,-1.016625441,-1.130444752,-0.251870056,-0.30449862
2/6/2017,999.18103,15.594393,117.599998,123.010902,212.630447,109.340759,53.846001,123.64064,194.863297,0.494,2/6/2017,-3.234955957,0.385950644,0.771823679,0.858637053,0.452188,1.204302426,6.628114493,-0.524652849,0.422235137
2/13/2017,1047.869995,15.332057,117.68,125.357574,215.918518,108.94236,54.445999,125.356026,197.860947,0.51,2/13/2017,4.362887248,-2.192245664,-0.441971087,1.397694328,1.036378257,-0.874364582,0.604285163,0.877396571,1.028334846
2/20/2017,1165.199951,15.254329,119.699997,125.79213,217.433975,110.472549,51.400002,125.005356,199.281815,0.5125,2/20/2017,10.68449548,-1.019463938,1.204016825,-0.165846833,0.189365229,0.892085875,-6.107028626,-0.792239244,0.205614424
2/27/2017,1267.119995,15.1766,117.510002,126.526054,218.976944,108.064117,50.313999,125.166458,200.73938,0.438,2/27/2017,8.309000368,-0.947553714,-2.267569804,0.145441905,0.271626451,-2.618118067,-2.550846221,-0.309123922,0.293408935
3/6/2017,1221.380005,14.486753,114.720001,126.883369,218.306503,106.367104,48.737999,127.488403,199.996872,0.5,3/6/2017,-4.109759942,-5.045464729,-2.87426683,-0.217595714,-0.806169676,-2.070376039,-3.632329036,1.355085649,-0.869886566
3/13/2017,1036.73999,14.564483,116.989998,127.173073,217.700302,107.628082,52.299999,129.213272,200.354355,0.576,3/13/2017,-15.69332747,-0.039440841,1.402728191,-0.347676933,-0.853683437,0.609496223,6.732465824,0.776961493,-0.397255704
3/20/2017,966.724976,14.486753,118.860001,126.411774,215.723236,109.660179,52.632,128.777328,196.84343,0.714,3/20/2017,-7.467382205,-1.247695566,0.884429808,-1.312632228,-1.622159512,1.174073226,-0.079198841,-1.051383299,-2.466357716
3/27/2017,1102.170044,14.778238,118.720001,128.105316,217.457443,109.505966,55.66,130.07402,199.250854,0.738,3/27/2017,13.27271363,1.274079587,-0.855785629,0.60170274,0.065903665,-0.878628076,5.015153975,0.268925691,0.485014657
4/3/2017,1187.869995,14.972561,119.459999,127.708519,216.959351,109.505966,60.507999,128.458664,198.845642,0.746,4/3/2017,7.029565256,0.568926719,-0.122686326,-1.055742806,-0.975052634,-0.746,7.964023356,-1.987874434,-0.949367761
4/10/2017,1182.939941,15.166883,122.599998,126.18924,214.477951,112.246925,60.799999,123.441551,196.598465,0.772,4/10/2017,-1.187033128,0.525854121,1.856494079,-1.961645775,-1.915716548,1.731022529,-0.289419176,-4.677624458,-1.902111265
4/17/2017,1207.209961,14.554767,122.309998,128.27951,216.396606,112.310562,61.119999,127.669983,198.375961,0.7575,4/17/2017,1.294169671,-4.793372104,-0.994041603,0.898956604,0.137069811,-0.700806242,-0.231184202,2.667952747,0.146625065
4/24/2017,1347.890015,14.379876,120.769997,131.59874,219.615967,111.228729,62.813999,129.33287,201.322998,0.74,4/24/2017,10.91332117,-1.941606319,-1.999096579,1.84749819,0.747713259,-1.703251346,2.031596904,0.56248862,0.745581713
5/1/2017,1596.709961,14.049527,117.010002,133.098648,221.110321,110.265076,61.669998,130.102509,202.667618,0.704,5/1/2017,17.75595914,-3.001300756,-3.817351903,0.435758633,-0.023560403,-1.570370594,-2.525251661,-0.108916167,-0.036108098
5/8/2017,1808.910034,14.204986,116.830002,134.124481,220.446167,110.586494,64.961998,134.511444,202.069016,0.72,5/8/2017,12.5698321,0.386507002,-0.873833003,0.050731345,-1.020372229,-0.428504259,4.618090006,2.668816276,-1.015361442
5/15/2017,2041.199951,14.642212,119.400002,133.388992,219.828125,112.699989,62.166,136.535385,201.424332,0.71,5/15/2017,12.13143007,2.367975578,1.489777417,-1.258362979,-0.990359604,1.201169189,-5.014051732,0.794660823,-1.02904149
5/22/2017,2155.800049,14.447889,120.540001,136.659866,222.964447,112.49044,65.028,139.709137,204.389847,0.716,5/22/2017,4.898349439,-2.043142374,0.238773016,1.736131882,0.710715531,-0.901935244,3.887802722,1.608490461,0.756272476
5/29/2017,2511.810059,14.010663,121.610001,138.82753,225.233658,114.44001,67.970001,142.198654,206.388351,0.7475,5/29/2017,15.7665552,-3.773727569,0.140172135,0.838674539,0.270245668,0.985598386,3.776706496,1.034428551,0.230290252
6/5/2017,2958.110107,13.913502,120.540001,135.4599,224.532608,113.568703,71.463997,140.535812,205.83577,0.82,6/5/2017,16.94806516,-1.51347896,-1.699861846,-3.245765264,-1.131254546,-1.581365715,4.320497203,-1.989379564,-1.087738464
6/12/2017,2548.290039,13.719179,119.339996,133.68898,223.822311,115.348907,74.279999,137.552124,206.176529,0.818,6/12/2017,-14.67211811,-2.214650534,-1.813524299,-2.125338925,-1.134344698,0.749512838,3.122448503,-2.941080201,-0.652451029
6/19/2017,2589.409912,13.427694,119.43,137.051575,225.368027,116.654396,76.690002,140.288742,205.716064,0.87,6/19/2017,0.743626093,-2.994653378,-0.794581864,1.645237232,-0.179400393,0.261774053,2.374484427,1.119513444,-1.093335315
6/26/2017,2506.469971,14.039812,118.019997,133.558319,224.135193,114.225967,72.321999,133.219223,205.435852,0.82,6/26/2017,-4.023044084,3.738623394,-2.000610399,-3.368862353,-1.367031456,-2.901729522,-6.515661607,-5.859263236,-0.956212989
7/3/2017,2518.439941,13.84549,115.279999,133.674774,224.422546,112.034973,62.644001,136.081436,205.694916,0.892,7/3/2017,-0.414437127,-2.276078362,-3.213638764,-0.804805881,-0.763794788,-2.810122523,-14.27381761,1.256498494,-0.765895429
7/10/2017,1929.819946,14.11754,116.769997,137.905441,227.620514,112.824509,65.556,142.463531,208.590576,0.9525,7/10/2017,-24.32490549,1.012399762,0.340003481,2.21239557,0.472476259,-0.247777199,3.695988209,3.737408622,0.455245051
7/17/2017,2730.399902,14.039812,119.260002,139.836426,228.844101,114.983475,65.68,142.8255,209.793259,0.948,7/17/2017,40.53669694,-1.498577509,1.184401356,0.45222394,-0.410444321,0.965561175,-0.75884874,-0.693921642,-0.371424096
7/24/2017,2757.179932,14.525618,120.690002,139.574432,228.871857,113.336754,67.014,141.101379,209.793259,0.988,7/24/2017,-0.007190193,2.472203028,0.211060855,-1.175357477,-0.975871219,-2.420137096,1.043059683,-2.195152084,-0.988
7/31/2017,3213.939941,14.399308,119.650002,139.390121,229.335327,114.288185,71.382004,139.38678,210.246567,0.998,7/31/2017,15.56820243,-1.867567133,-1.859711809,-1.130052123,-0.795498038,-0.158527396,5.520046975,-2.213153964,-0.781926327
8/7/2017,4073.26001,14.360444,122.790001,137.886078,226.28569,115.911797,71.573997,137.738892,207.44342,1.002,8/7/2017,25.73527838,-1.271901859,1.622320056,-2.081016927,-2.331772015,0.418629788,-0.73303445,-2.184241243,-2.335266478
8/14/2017,4087.659912,14.418741,122.300003,137.041855,224.978699,116.085983,69.491997,138.453293,206.185242,0.994,8/14/2017,-0.640477221,-0.588044585,-1.393053666,-1.606261232,-1.571584469,-0.843725391,-3.902877647,-0.47533676,-1.600516225
8/21/2017,4382.879883,14.370161,122.739998,137.759903,226.693527,116.72776,69.610001,139.624924,207.785751,0.962,8/21/2017,6.260224386,-1.29892262,-0.602233042,-0.438037449,-0.199782062,-0.409153753,-0.792190518,-0.115771662,-0.185751911
8/28/2017,4582.959961,14.690793,126.059998,141.67041,229.733948,116.2052,71.080002,144.702026,210.644394,0.974,8/28/2017,3.591036764,1.25723457,1.730904721,1.864639484,0.367203271,-1.421674144,1.137766957,2.66224334,0.401764693
9/4/2017,4122.939941,14.690793,127.970001,139.933487,228.565979,118.511543,68.68,141.510986,209.450974,0.9575,9/4/2017,-10.99511813,-0.9575,0.557653919,-2.183530898,-1.4659007,1.02721583,-4.333979928,-3.162749013,-1.524056734
9/11/2017,3582.879883,14.904548,125.529999,141.728638,230.985291,116.545517,75.961998,148.255051,212.864731,1.05,9/11/2017,-14.14890674,0.405026968,-2.95669843,0.232860192,0.008474236,-2.708932076,9.552792662,3.715753664,0.579859692
9/18/2017,3682.840088,14.982277,123.239998,140.040237,232.364471,115.939178,70.218002,148.71228,211.893326,0.982,9/18/2017,1.807940167,-0.460488043,-2.806265927,-2.173291346,-0.384914361,-1.502259394,-8.543670508,-0.67359297,-1.438348497
9/25/2017,4403.740234,14.962844,121.580002,141.445618,234.031967,114.616272,68.220001,151.046066,214.578064,0.976,9/25/2017,18.59857095,-1.105706586,-2.322962047,0.027555143,-0.258379103,-2.117034483,-3.821425593,0.593329715,0.291023389
10/2/2017,4610.47998,14.79767,121.089996,143.594818,236.957016,113.541405,71.375999,154.062866,217.293289,0.966,10/2/2017,3.728639897,-2.06989442,-1.369031742,0.553453222,0.283850197,-1.903796162,3.660206323,1.031271481,0.299378646
10/9/2017,5678.189941,15.137734,123.82,144.256058,237.497299,115.851639,71.113998,157.68483,217.721008,1.015,10/9/2017,22.1433255,1.283091524,1.239524808,-0.554509845,-0.786991136,1.019706194,-1.38207157,1.335964963,-0.818160511
10/16/2017,6008.419922,15.157167,121.610001,144.615891,239.50943,114.130226,69.019997,159.242569,219.599365,1,10/16/2017,4.815761439,-0.871625436,-2.784848167,-0.750559522,-0.152777312,-2.485877123,-3.944569366,-0.012118667,-0.137264237
10/23/2017,6153.850098,15.477799,120.900002,147.076248,240.06839,113.44899,64.174004,163.313721,220.120087,0.992,10/23/2017,1.428439615,1.123382116,-1.575832739,0.709304734,-0.758622968,-1.588893587,-8.013143452,1.564572671,-0.754876364
10/30/2017,7407.410156,15.759566,120.620003,149.050369,240.757736,115.65831,61.217999,168.197159,220.780289,0.99,10/30/2017,19.38033789,0.830459098,-1.22159553,0.352243242,-0.702854325,0.957412665,-5.596234325,2.000219052,-0.690071898
11/6/2017,5950.069824,15.934458,121.129997,149.449066,240.422379,114.482552,60.598,168.655914,220.417664,1.024,11/6/2017,-20.69808718,0.085751373,-0.601189531,-0.756508545,-1.163292305,-2.040578921,-2.036772404,-0.751251636,-1.188246999
11/13/2017,8036.490234,15.856729,122.860001,149.711624,240.208069,116.595116,63.009998,169.219757,220.287476,1.06,11/13/2017,34.00547775,-1.54780448,0.368220955,-0.884316065,-1.149138957,0.785315258,2.920326083,-0.725684418,-1.119064232
11/20/2017,9330.549805,15.973323,122.32,151.958008,242.536972,116.973358,63.110001,173.692245,222.351807,1.078,11/20/2017,15.02429756,-0.342703332,-1.517525473,0.422474005,-0.108464293,-0.753593616,-0.919290266,1.565005805,-0.140892254
11/27/2017,11323.2002,15.837296,121.589996,150.236755,246.356339,116.742722,61.306,163.122574,225.866714,1.15,11/27/2017,20.20619483,-2.001588614,-1.746798561,-2.282716217,0.424756611,-1.347169684,-4.008502569,-7.235286652,0.430786344
12/4/2017,15455.40039,15.506948,118.480003,150.440979,247.334412,117.110565,63.026001,160.570984,226.787323,1.154,12/4/2017,35.3392185,-3.239886379,-3.71177046,-1.018065222,-0.75698444,-0.838911407,1.651599778,-2.718216367,-0.746410505
12/11/2017,19140.80078,15.390354,119.18,153.309769,248.265976,118.645058,68.690002,162.272034,228.860916,1.174,12/11/2017,22.67138929,-1.925882318,-0.583185532,0.732920587,-0.797358516,0.136294251,7.81276881,-0.114624291,-0.259666265
12/18/2017,13925.79981,15.740136,120.940002,153.037476,250.471268,115.335716,65.040001,164.622971,229.688522,1.238,12/18/2017,-28.48346914,1.034735247,0.238759523,-1.415609686,-0.349722019,-4.027279264,-6.551729646,0.210762884,-0.876380369
12/25/2017,14156.40039,16.138496,123.650002,151.788559,249.862686,117.515717,62.27,162.57872,228.089111,1.2075,12/25/2017,0.448423417,1.32335488,1.033280515,-2.023585728,-1.450474775,0.682635229,-5.466419061,-2.449277492,-1.903839106
1/1/2018,16477.59961,16.235657,125.330002,157.791504,256.004883,116.450432,63.316002,171.846558,234.756439,1.2225,1/1/2018,15.17431809,-0.620455051,0.136173654,2.732307292,1.235728997,-2.129004276,0.457284808,4.478023414,1.700624199
1/8/2018,13772,16.488276,126.959999,160.295959,260.218262,115.348068,67.244003,171.367813,238.643356,1.286,1/8/2018,-17.70586499,0.269951816,0.01456409,0.301192553,0.359819779,-2.232637965,4.91780453,-1.564588647,0.369723275
1/15/2018,11600.09961,16.400831,126.419998,162.098816,262.549652,113.995628,70.003998,177.897369,240.764343,1.3025,1/15/2018,-17.07290655,-1.832846532,-1.727831604,-0.177794791,-0.406563649,-2.474986045,2.801947797,2.507758114,-0.41373149
1/22/2018,11786.29981,16.76033,128.070007,166.571777,268.326599,114.486572,68.57,178.998459,246.071457,1.296,1/22/2018,0.309160354,0.895956005,0.009180372,1.463403869,0.904325522,-0.865330852,-3.344451576,-0.677053241,0.9082774
1/29/2018,8277.009766,16.50771,126.389999,160.412903,257.905518,110.771942,68.75,171.013565,236.569107,1.252,1/29/2018,-31.0263151,-2.759249559,-2.563788794,-4.949429487,-5.13573014,-4.496598851,-0.989494531,-5.71287304,-5.113622195
2/5/2018,8129.970215,15.672121,124.769997,152.119904,244.844101,109.480202,62.084,162.8564,224.656097,1.426,2/5/2018,-3.202481545,-6.487810512,-2.707748566,-6.595783007,-6.490419366,-2.592125624,-11.122,-6.195893546,-6.461742051
2/12/2018,10551.79981,16.099632,127.959999,160.754013,255.7146,110.195007,67.098,171.090164,234.466843,1.364,2/12/2018,28.42491104,1.363843921,1.192706,4.311857513,3.075763489,-0.711091998,6.712154887,3.691843062,3.00300634
2/19/2018,9664.730469,16.381401,126.139999,163.882187,257.212646,109.656624,70.410004,175.408127,235.91507,1.3275,2/19/2018,-9.734306014,0.422658016,-2.749819486,0.618438357,-0.741672675,-1.816072953,3.608569629,1.196293828,-0.709831855
2/26/2018,11512.59961,16.157928,125.389999,161.757767,251.941284,109.860825,67.024002,177.169724,231.121826,1.38,2/26/2018,17.73971727,-2.744187349,-1.974577458,-2.676309281,-3.429417897,-1.193781427,-6.188978565,-0.37571529,-3.411766771
3/5/2018,9578.629883,16.196793,125.540001,168.744919,261.107758,109.673096,65.433998,185.977966,239.428238,1.504,3/5/2018,-18.30272307,-1.263467922,-1.38437164,2.815515613,2.134337415,-1.674878928,-3.876290452,3.46764064,2.089953952
3/12/2018,8223.679688,16.167645,124.599998,166.65947,256.735168,111.440384,64.269997,184.809921,236.382233,1.574,3/12/2018,-15.71955329,-1.753961552,-2.322767717,-2.809858841,-3.248630441,0.037414344,-3.35289329,-2.202055584,-2.846199564
3/19/2018,8495.780273,16.478559,127.610001,154.468445,242.581512,111.775238,60.307999,171.875244,222.460342,1.692,3/19/2018,1.616744933,0.231063006,0.723732784,-9.006930859,-7.204940089,-1.391521854,-7.856615194,-8.690908354,-7.581567428
3/26/2018,6844.22998,16.497993,125.790001,156.300308,247.375763,113.384384,53.226002,172.721619,226.188416,1.708,3/26/2018,-21.14765404,-1.590064931,-3.134220504,-0.522085945,0.268346408,-0.268373452,-13.45104755,-1.215564335,-0.032162425
4/2/2018,7023.52002,16.255091,126.389999,152.884018,244.151413,112.640266,59.860001,164.557968,223.975342,1.6625,4/2/2018,0.95707942,-3.13481242,-1.185516142,-3.848221861,-2.965921952,-2.318779087,10.80133112,-6.388978971,-2.640920575
4/9/2018,8329.110352,16.80891,127.449997,157.51062,249.255905,112.69458,60.068001,172.894287,228.649658,1.678,4/9/2018,16.91083193,1.729049521,-0.83932763,1.348216906,0.41270754,-1.629781009,-1.330522558,3.387885962,0.40897795
4/16/2018,8802.459961,16.974083,126.629997,158.418427,250.628372,110.420204,58.048,165.210297,229.963745,1.64,4/16/2018,4.04307525,-0.657348537,-2.28338958,-1.063653465,-1.089374329,-3.658176917,-5.002857039,-6.084328458,-1.065283636
4/23/2018,9419.080078,16.983801,125.5,158.213409,250.581375,110.82103,58.816002,163.646652,229.888657,1.672,4/23/2018,5.333088574,-1.614748012,-2.564361231,-1.8014155,-1.690751668,-1.308999403,-0.348953556,-2.618457351,-1.704652103
4/30/2018,9654.799805,17.18784,124.540001,160.926941,250.073715,110.914223,58.818001,168.625412,229.409973,1.648,4/30/2018,0.854576951,-0.44662582,-2.412939442,0.067108736,-1.85059287,-1.563906755,-1.644601265,1.394384271,-1.85622428
5/7/2018,8723.94043,17.36273,125,165.407196,256.494354,111.38298,60.212002,175.743454,235.098038,1.682,5/7/2018,-11.3234156,-0.66447831,-1.312641564,1.102030425,0.885498547,-1.259369802,0.688024442,2.539215483,0.797432313
5/14/2018,8513.25,17.634779,122.410004,163.455002,255.065414,109.495918,55.363998,175.167831,233.962296,1.688,5/14/2018,-4.103083318,-0.121143866,-3.7599968,-2.86823523,-2.245103881,-3.382210372,-9.739557562,-2.015535955,-2.17109293
5/21/2018,7368.220215,17.508471,123.209999,165.66095,255.836288,111.747284,55.77,181.038727,234.694427,1.694,5/21/2018,-15.14397251,-2.410243736,-1.040462729,-0.344424904,-1.391773999,0.362118658,-0.960667844,1.657583431,-1.381073083
5/28/2018,7720.25,17.401594,122.489998,168.608749,257.199402,112.382538,58.363998,183.897446,235.980347,1.7325,5/28/2018,3.045177305,-2.342930231,-2.316868968,0.046916936,-1.199692864,-1.164026228,2.918742604,-0.153435096,-1.184587544
6/4/2018,6786.02002,17.343296,123.010002,170.268051,261.514252,111.922676,63.532001,184.08931,239.885056,1.762,6/4/2018,-13.86303274,-2.097015287,-1.337472277,-0.77788618,-0.084371683,-2.171193464,7.092778934,-1.657667937,-0.107324494
6/11/2018,6499.27002,16.77976,121.339996,172.747314,260.517853,112.718559,71.634003,185.345947,240.129059,1.802,6/11/2018,-6.027599087,-5.051301632,-3.159618058,-0.345905926,-2.183011357,-1.09089924,10.95063154,-1.119376441,-1.700283368
6/18/2018,6173.22998,16.935221,120.339996,171.127029,259.430756,112.859009,66.725998,178.726822,238.007813,1.82,6/18/2018,-6.836563999,-0.893520718,-2.644130569,-2.757950908,-2.23728311,-1.695397626,-8.671501793,-5.391227268,-2.703377467
6/25/2018,6385.819824,17.178123,118.650002,167.903381,256.163574,113.973274,68.589996,170.985275,234.196976,1.836,6/25/2018,1.607737633,-0.401699261,-3.24034939,-3.719774889,-3.095365717,-0.848692908,0.957510859,-6.167497037,-3.437139455
7/2/2018,6773.879883,16.974083,118.860001,171.776962,260.072906,114.937729,61.779999,176.174789,238.59288,1.802,7/2/2018,4.274902727,-2.989789842,-1.625009695,0.505029779,-0.275892311,-0.955788457,-11.73055722,1.233064862,0.075011426
7/9/2018,6359.640137,16.546576,117.610001,175.689651,264.010498,115.16983,63.773998,175.115906,242.157501,1.8775,7/9/2018,-7.992750833,-4.396086718,-2.929157403,0.400272848,-0.363466085,-1.675563698,1.350080175,-2.478541163,-0.383481821
7/16/2018,7418.490234,16.459129,116.559998,175.083206,264.09552,113.330429,62.716,177.522415,242.336655,1.886,7/16/2018,14.7635285,-2.414490003,-2.778783769,-2.231179694,-1.853795978,-3.483120531,-3.544980201,-0.511762185,-1.812017572
7/23/2018,8218.459961,16.76033,115.830002,173.743057,265.738586,112.110413,59.436001,179.139587,243.854889,1.892,7/23/2018,8.891457304,-0.062006444,-2.51828347,-2.657435492,-1.26985162,-2.968512293,-7.121923783,-0.981032222,-1.265502122
7/30/2018,7068.47998,16.672884,114.919998,176.149353,267.797089,111.885155,69.634003,180.429443,245.806992,1.904,7/30/2018,-15.89664566,-2.425743904,-2.689637559,-0.519026096,-1.129365412,-2.104925136,15.25395449,-1.183971545,-1.103481705
8/6/2018,6322.689941,16.556292,114.690002,176.579803,267.381622,113.489723,71.098,177.069962,245.297699,1.916,8/6/2018,-12.46692525,-2.615291136,-2.11613575,-1.671633505,-2.071142463,-0.48187945,0.186416832,-3.777936136,-2.123192235
8/13/2018,6506.069824,16.332819,112.129997,175.934174,269.175751,113.790703,61.099998,172.998184,246.938583,1.93,8/13/2018,0.970345972,-3.27977687,-4.162108253,-2.295630151,-1.25900063,-1.66479537,-15.99228305,-4.229530623,-1.261064251
8/20/2018,6707.259766,16.721464,114.160004,178.496994,271.489227,115.022896,64.564003,179.813385,249.145264,1.952,8/20/2018,1.140342189,0.427534115,-0.141595064,-0.495307453,-1.092533279,-0.869140885,3.717402804,1.987463896,-1.058384684
8/27/2018,7272.720215,16.886639,113.510002,182.575989,274.133148,113.809509,60.332001,183.201752,251.521698,1.948,8/27/2018,6.48257327,-0.960197736,-2.517378046,0.337189744,-0.974141468,-3.002909103,-8.502739179,-0.063620258,-0.994165293
9/3/2018,6300.859863,16.663168,113.230003,177.156921,271.574219,112.050636,52.647999,178.167343,249.126404,1.9625,9/3/2018,-15.32559281,-3.285859847,-2.209173416,-4.93061647,-2.895962085,-3.507953465,-14.69869617,-4.710513567,-2.91482102
9/10/2018,6517.180176,16.71175,113.019997,179.97403,274.671417,111.756302,59.040001,180.265823,252.125153,1.988,9/10/2018,1.445187179,-1.696446797,-2.17346851,-0.397822781,-0.84753902,-2.250679455,10.15301603,-0.810185949,-0.78429419
9/17/2018,6710.629883,16.993515,113.489998,179.700165,275.719574,110.389427,59.82,181.24762,254.199753,2.016,9/17/2018,0.952303803,-0.329970709,-1.600143503,-2.168169177,-1.634396042,-3.239085388,-0.694863505,-1.471361541,-1.193154689
9/24/2018,6625.560059,17.45989,112.760002,181.734741,275.763031,110.549698,52.953999,178.128799,251.832886,2.046,9/24/2018,-3.313687616,0.698429272,-2.689224965,-0.913794028,-2.030238696,-1.900813088,-13.5237683,-3.766751423,-2.977105153
10/1/2018,6602.950195,17.780521,113.800003,176.534943,273.012177,106.56208,52.389999,172.340485,250.593124,2.116,10/1/2018,-2.457252118,-0.27961386,-1.193686253,-4.977201976,-3.113542705,-5.723081767,-3.181075369,-5.365510485,-2.608295514
10/8/2018,6290.930176,17.38216,115.230003,170.82196,261.75296,108.150856,51.756001,164.015869,240.229858,2.15,10/8/2018,-6.875463767,-4.390434912,-0.893409523,-5.386176874,-6.27407136,-0.659060634,-3.360150815,-6.980331074,-6.285494955
10/15/2018,6482.350098,17.246136,116.010002,169.548035,262.037476,107.432793,52,160.670624,240.466721,2.16,10/15/2018,0.88279203,-2.942549465,-1.48309383,-2.905761845,-2.051303617,-2.823945739,-1.688559017,-4.199586182,-2.061401515
10/22/2018,6486.390137,16.964367,116.769997,163.315674,251.679306,108.642143,66.18,150.953796,230.908646,2.19,10/22/2018,-2.127676322,-3.823809452,-1.534888383,-5.865867432,-6.142934579,-1.064319501,25.07923077,-8.237669299,-6.164801569
10/29/2018,6376.129883,16.323103,116.650002,165.98111,257.901764,105.817207,69.281998,162.468933,236.639679,2.186,10/29/2018,-3.885870832,-5.966064414,-2.288761842,-0.553923951,0.286375699,-4.786221168,2.50121366,5.442252687,0.295948207
11/5/2018,6411.27002,15.934458,114.480003,168.07814,263.469818,107.352585,70.101997,161.134689,241.878128,2.202,11/5/2018,-1.650879843,-4.582950485,-4.062264863,-0.938585145,-0.043017481,-0.751028042,-1.018432806,-3.023230235,0.011681586
11/12/2018,5623.540039,15.662407,115.620003,164.138824,259.647125,108.631187,70.862,160.0905,238.231125,2.22,11/12/2018,-14.5066449,-3.927312542,-1.224192898,-4.563740834,-3.670903572,-1.028969528,-1.135861127,-2.868022475,-3.727785359
11/19/2018,4009.969971,14.865684,115.769997,156.015182,249.706314,109.047882,65.166,154.888885,229.250916,2.224,11/19/2018,-30.91713736,-7.310849039,-2.094269853,-7.173250763,-6.052585046,-1.840413102,-10.26215867,-5.473171562,-5.993536411
11/26/2018,4139.87793,14.855967,115.540001,165.971298,261.468384,109.227844,70.096001,162.671982,240.116211,2.2425,11/26/2018,0.997124235,-2.307865307,-2.441166326,4.13900459,2.467861469,-2.077469743,5.32279632,2.782455148,2.496977246
12/3/2018,3614.234375,15.254329,118.089996,158.141617,250.009888,112.144867,71.594002,152.249374,229.487717,2.308,12/3/2018,-15.00507861,0.373494917,-0.100976477,-7.025490972,-6.690363873,0.362585533,-0.170929442,-8.715131623,-6.73439585
12/10/2018,3252.839111,15.011425,117.059998,157.847656,247.069351,112.471542,73.141998,154.840515,226.759567,2.3425,12/10/2018,-12.34172048,-3.934861093,-3.214714442,-2.528384656,-3.51866828,-2.051202673,-0.180313285,-0.640594152,-3.531300009
12/17/2018,3998.980225,14.32158,118.720001,144.60878,228.316467,114.597946,63.953999,144.427597,209.500153,2.332,12/17/2018,20.60614998,-6.927466453,-0.913921213,-10.71912233,-9.922129623,-0.441384861,-14.89386494,-9.056931133,-9.943327817
12/24/2018,3865.952637,14.039812,121.059998,149.900406,236.376068,115.183762,66.774002,150.973663,216.920242,2.39,12/24/2018,-5.71653778,-4.357436554,-0.418978285,1.269270205,1.140013015,-1.878807592,2.01942403,2.14242049,1.151806005
12/31/2018,4076.632568,14.615866,121.440002,153.532974,240.803055,116.192421,63.537998,150.586105,220.872757,2.4175,12/31/2018,3.032125248,1.685503658,-2.103602754,0.005820988,-0.544642465,-1.541804518,-7.263703467,-2.674205701,-0.595394804
1/7/2019,3552.953125,15.078455,121.800003,157.916,247.09053,115.069603,69.452003,159.7034,226.568115,2.41,1/7/2019,-15.25588283,0.754978387,-2.113556494,0.444778284,0.201044532,-3.376343579,6.897823958,3.644539361,0.168569706
1/14/2019,3601.013672,15.314672,121.019997,162.397263,254.227173,113.766006,60.452,161.660599,233.263565,2.41,1/14/2019,-1.057307034,-0.843413768,-3.050398999,0.427751083,0.478270546,-3.542876942,-15.36859387,-1.184478815,0.545159864
1/21/2019,3583.96582,15.30483,122.860001,162.298965,253.578339,114.688995,59.408001,168.384735,232.692123,2.4075,1/21/2019,-2.880918141,-2.47176517,-0.887086807,-2.468029345,-2.662718194,-1.596195259,-4.134488354,1.751915492,-2.652476964
1/28/2019,3464.013428,15.413095,124.5,164.559296,257.661865,115.09816,62.442001,169.32457,236.406479,2.376,1/28/2019,-5.722917856,-1.668608935,-1.041148147,-0.983304119,-0.765639266,-2.019239528,2.731056203,-1.817852612,-0.779746568
2/4/2019,3690.188232,15.245775,124.209999,165.650116,258.053009,116.683846,61.16,171.446472,236.816025,2.406,2/4/2019,4.123270417,-3.491570419,-2.63893253,-1.743126479,-2.254194842,-1.02831855,-4.45910685,-1.152843414,-2.232761939
2/11/2019,3673.836182,15.659153,124.800003,168.971771,264.636292,116.330986,61.576,177.879929,242.844788,2.418,2/11/2019,-2.861122382,0.293426608,-1.942994763,-0.412776532,0.133135918,-2.720406899,-1.737816874,1.334458085,0.127758042
2/18/2019,3810.42749,15.836315,125.5,169.905396,266.325012,115.939995,58.942001,179.73053,244.397171,2.43,2/18/2019,1.287947705,-1.298636126,-1.869104981,-1.877466879,-1.791871349,-2.766102197,-6.707639015,-1.389634732,-1.79075095
2/25/2019,3847.175781,15.531202,121.879997,171.379486,267.546265,113.164764,58.958,179.604553,245.559143,2.43,2/25/2019,-1.465586136,-4.356666652,-5.314464542,-1.562405424,-1.971442619,-4.82367873,-2.402856368,-2.500092154,-1.954555871
3/4/2019,3951.599854,15.52136,122.839996,168.215073,261.859894,116.184914,56.827999,173.926834,240.330399,2.438,3/4/2019,0.276304699,-2.50136921,-1.650340808,-4.284436277,-4.563378577,0.230807757,-6.05074297,-5.599233335,-4.567321652
3/11/2019,4025.229004,15.668996,122.970001,175.271103,268.395386,116.356934,55.085999,183.557663,247.483002,2.442,3/11/2019,-0.578725561,-1.490820464,-2.336167206,1.752647884,0.053797237,-2.293942912,-5.507390354,3.095287593,0.53415409
3/18/2019,4022.168213,15.68868,123.970001,175.477524,267.603485,119.32917,52.905998,184.400635,244.254318,2.456,3/18/2019,-2.532040171,-2.330376125,-1.642793533,-2.338227591,-2.751050154,0.098412443,-6.413450241,-1.996759026,-3.760608387
3/25/2019,4105.404297,15.64931,122.010002,176.879822,270.698792,120.839188,55.972,184.144592,248.579224,2.476,3/25/2019,-0.406566809,-2.726945268,-4.057026849,-1.676867457,-1.31932336,-1.210577639,3.31918791,-2.614851474,-0.705343073
4/1/2019,5198.896973,15.915053,121.980003,181.802444,276.534821,118.535934,54.992001,195.016098,253.818222,2.44,4/1/2019,24.19544433,-0.741886792,-2.464587329,0.343031973,-0.284087535,-4.346048889,-4.190873651,3.463787823,-0.332423222
4/8/2019,5167.722168,16.052845,121.830002,182.954346,278.058472,117.494499,53.540001,197.474075,255.226105,2.426,4/8/2019,-3.025642677,-1.560203323,-2.548971796,-1.792399057,-1.875020201,-3.30458168,-5.066384008,-1.165603025,-1.87131839
4/15/2019,5314.53125,15.954422,120.370003,184.490204,277.924316,117.714798,54.652,205.664124,255.092026,2.414,4/15/2019,0.426885737,-3.027118734,-3.61239036,-1.574523905,-2.462247406,-2.226502711,-0.337050095,1.733404666,-2.466533419
4/22/2019,5285.13916,15.777262,121.370003,187.699738,281.173004,118.586403,47.028,204.167923,258.118591,2.435,4/22/2019,-2.98805141,-3.545413151,-1.604228234,-0.695322808,-1.266088965,-1.694562082,-16.38508417,-3.162497325,-1.248539942
4/29/2019,5795.708496,15.619783,120.650002,188.152618,281.76712,118.442734,51.006001,207.471161,258.645355,2.43,4/29/2019,7.230471003,-3.428138967,-3.023228131,-2.188721027,-2.21870091,-2.551151326,6.028792634,-0.812097466,-2.225921713
5/6/2019,6972.371582,15.442621,121.43,182.137177,276.084412,119.737572,47.903999,195.472702,253.348831,2.428,5/6/2019,17.87431656,-3.562215501,-1.781503533,-5.625107255,-4.444810194,-1.334781399,-8.509641256,-8.211193646,-4.475793976
5/13/2019,8197.689453,15.64931,120.650002,180.207489,273.918671,120.927734,42.206001,185.378464,251.519516,2.424,5/13/2019,15.14990375,-1.085567878,-3.066343737,-3.483469589,-3.208448852,-1.430024609,-14.31861865,-7.588014155,-3.146053855
5/20/2019,8673.21582,15.383568,121.300003,175.403061,270.986298,122.645813,38.125999,173.496613,248.722885,2.398,5/20/2019,3.402736533,-4.096106817,-1.859250734,-5.064053462,-3.468526879,-0.977251473,-12.06487652,-8.807509899,-3.509894236
5/27/2019,8742.958008,14.891451,123.330002,171.258194,263.78949,126.533081,37.032001,171.495239,242.190857,2.37,5/27/2019,-1.565890089,-5.568978286,-0.69646418,-4.733052832,-5.025782987,0.799507303,-5.239427762,-3.523552202,-4.996227176
6/3/2019,7688.077148,14.93082,126.589996,178.238464,275.653168,126.446732,40.900002,182.638748,252.994522,2.356,6/3/2019,-14.42149155,-2.091626837,0.287309776,1.71987505,2.141403593,-2.424242233,8.089022941,4.141853273,2.104806297
6/10/2019,8994.488281,15.029244,126.559998,179.813705,277.196045,126.436951,42.984001,179.714432,254.402451,2.314,6/10/2019,14.67869021,-1.654799769,-2.337696975,-1.430217137,-1.754283233,-2.321735273,2.781351829,-3.915147638,-1.757494275
6/17/2019,10855.37109,15.452464,131.979996,185.651947,281.738373,126.40802,44.372002,186.204285,259.947906,2.23,6/17/2019,18.45914596,0.585976639,2.052552217,1.016828155,-0.591330155,-2.25288176,0.999110757,1.381203022,-0.050203784
6/24/2019,10817.15527,15.481991,133.199997,183.850266,282.145721,127.735336,44.692001,193.554199,257.783325,2.154,6/24/2019,-2.506045266,-1.962917206,-1.229616732,-3.124461678,-2.009416216,-1.103974851,-1.43282677,1.793231397,-2.986697994
7/1/2019,11450.84668,15.393411,132.139999,188.509415,287.403381,127.369858,46.619999,193.944443,263.763275,2.152,7/1/2019,3.70620758,-2.724148634,-2.947794312,0.382208463,-0.288544484,-2.438121297,2.161966609,-1.950379988,0.16775827
7/8/2019,10256.05859,15.806787,133.529999,190.956451,289.512268,125.48996,49.015999,199.30983,265.823547,2.2375,7/8/2019,-12.67155892,0.447908712,-1.185585356,-0.939402502,-1.503727491,-3.713436324,2.90192525,0.528955649,-1.456393532
7/15/2019,10599.10547,15.314672,134.470001,188.469986,286.161194,126.90657,51.636002,202.168137,262.781281,2.18,7/15/2019,1.164821765,-5.293314553,-1.47603684,-3.482111024,-3.337489464,-1.051136783,3.165199636,-0.745897628,-3.324468214
7/22/2019,9552.860352,15.255617,133.639999,192.693054,290.821899,126.694588,45.608002,211.36734,267.046295,2.128,7/22/2019,-11.99906998,-2.513610609,-2.745239528,0.112711155,-0.499300827,-2.295037845,-13.80202542,2.422273419,-0.504971912
7/29/2019,10970.18457,14.901294,135.889999,184.858658,281.779724,131.551437,46.868,197.456345,258.795532,2.126,7/29/2019,12.71064751,-4.448574039,-0.442372331,-6.191738664,-5.235179546,1.707509447,0.636668709,-8.707430698,-5.215637697
8/5/2019,11523.5791,14.714289,141.259995,184.010086,280.816772,135.231552,47.001999,194.43219,257.726837,2.074,8/5/2019,2.970532537,-3.328958126,1.877722746,-2.533038278,-2.41573928,0.723472292,-1.788092771,-3.605556254,-2.486949556
8/12/2019,10345.81055,14.596181,142.779999,183.013519,278.149414,141.102386,43.987999,196.217407,255.339279,2.06,8/12/2019,-12.28050996,-2.862675549,-0.983967115,-2.601582813,-3.009857083,2.281319694,-8.472493222,-1.141830534,-2.986390914
8/19/2019,10138.51758,14.576497,144.169998,179.64888,274.297607,140.938217,42.279999,191.993378,251.825272,2.044,8/19/2019,-4.047641658,-2.178857193,-1.07047499,-3.882464731,-3.428797812,-2.16034743,-5.926877237,-4.196728988,-3.420210904
8/26/2019,9757.970703,14.596181,143.75,184.977036,281.616058,142.212799,45.122002,199.719543,258.593353,2.068,8/26/2019,-5.821476522,-1.932960697,-2.359321361,0.897872094,0.600069576,-1.163644867,4.653861559,1.956183063,0.619609923
9/2/2019,10441.27637,14.881609,141.919998,189.042267,287.008575,140.774033,45.490002,208.470016,263.54184,2.085,9/2/2019,4.91753862,-0.129502189,-3.35804487,0.112694961,-0.170152872,-3.096699376,-1.26943335,2.296380444,-0.171382754
9/9/2019,10347.71289,14.871766,140.149994,189.979599,289.935944,132.075485,49.040001,213.367172,266.276062,2.05,9/9/2019,-2.946092362,-2.116142041,-3.297184347,-1.554168028,-1.030041276,-8.229085599,5.753910407,0.299093694,-1.012509331
9/16/2019,10070.39258,15.235932,142.949997,188.262772,287.230103,137.250534,48.124001,207.56279,264.803009,2.022,9/16/2019,-4.702015506,0.426707168,-0.024138338,-2.92569019,-2.955254761,1.896250991,-3.889862931,-4.74237256,-2.575205192
9/23/2019,8104.185547,14.950504,141.059998,184.542908,285.770386,138.063049,48.425999,204.431351,261.154236,1.988,9/23/2019,-21.51263141,-3.861387201,-3.310139937,-3.963889317,-2.496204741,-1.396005946,-1.360458662,-3.496670702,-3.365919765
9/30/2019,7988.155762,14.7635,141.899994,186.674911,284.754608,141.216522,46.285999,209.198074,261.536377,1.884,9/30/2019,-3.315726659,-3.134820708,-1.288511547,-0.728711497,-2.239452507,0.400081818,-6.303113791,0.447698625,-1.737672295
10/7/2019,8321.005859,15.048928,140.029999,188.948914,286.621704,136.085739,49.577999,211.706573,263.238861,1.762,10/7/2019,2.404795277,0.171335591,-3.079825989,-0.543837909,-1.106314035,-5.395273874,5.35030193,-0.56289766,-1.111045047
10/14/2019,8222.078125,15.009559,140.460007,189.522354,288.256622,135.252365,51.389999,211.363602,264.747925,1.72,10/14/2019,-2.908891532,-1.981606674,-1.41291723,-1.416510561,-1.149590301,-2.332388929,1.934846982,-1.882003,-1.146732058
10/21/2019,9551.714844,15.363883,141.860001,193.427689,291.76828,134.22525,65.625999,219.202789,267.988464,1.74,10/21/2019,14.4315408,0.620655633,-0.743279275,0.32061972,-0.521759817,-2.499406314,25.96188807,1.96886327,-0.515990784
10/28/2019,9235.354492,15.363883,142.559998,196.62117,296.160309,136.202042,62.661999,224.8862,272.012543,1.742,10/28/2019,-5.05407911,-1.742,-1.248557877,-0.091005245,-0.23668592,-0.269257725,-6.258502674,0.850764,-0.24041335
11/4/2019,9055.526367,15.363883,137.389999,198.954468,298.868988,130.955276,67.428001,231.020309,274.527527,1.604,11/4/2019,-3.55117079,-1.604,-5.230542559,-0.417302759,-0.689401076,-5.456193347,6.001888858,1.123650252,-0.679416166
11/11/2019,8577.975586,15.334356,138.210007,200.615479,301.626099,133.721756,70.433998,232.127609,277.071655,1.56,11/11/2019,-6.833583905,-1.752184489,-0.963153064,-0.725130084,-0.637485082,0.552538024,2.898084113,-1.08069149,-0.633270346
11/18/2019,7047.916992,15.363883,137.740005,199.547684,300.823151,135.798981,66.608002,225.062561,276.317108,1.578,11/18/2019,-19.41505932,-1.385445451,-1.918063654,-2.110259527,-1.844206407,-0.024606549,-7.01003014,-4.621605209,-1.850329192
11/25/2019,7424.29248,15.068613,137.860001,202.780716,304.063995,136.303741,65.987999,228.776352,279.219116,1.58,11/25/2019,3.760237242,-3.501844888,-1.492882245,0.040180167,-0.502674671,-1.208303544,-2.510823597,0.070114965,-0.529754497
12/2/2019,7564.345215,15.422937,137.619995,202.681854,304.605682,134.294434,67.178001,229.677887,279.741486,1.625,12/2/2019,0.261411875,0.726404207,-1.799094007,-1.673753157,-1.446850989,-3.09913929,0.178361245,-1.230931735,-1.437917537
12/9/2019,7152.301758,15.619783,139.050003,204.847076,306.97583,135.196274,71.678001,239.594421,281.917938,1.546,12/9/2019,-6.993179436,-0.269680191,-0.506900994,-0.477713936,-0.767896327,-0.874460627,5.152621473,2.77158326,-0.767977394
12/16/2019,7511.588867,15.856,139.520004,209.315948,310.274658,132.87233,81.117996,246.267532,286.619171,1.552,12/16/2019,3.471377385,-0.039706263,-1.213991377,0.629564945,-0.477378588,-3.270940864,11.61800316,1.23316961,0.115589169
12/23/2019,7422.652832,15.826472,142.330002,211.194473,313.870789,133.737396,86.075996,248.122177,286.977081,1.56,12/23/2019,-2.743984328,-1.746226034,0.454046674,-0.662540911,-0.400984622,-0.908949477,4.552083933,-0.806898288,-1.435126985
12/30/2019,7411.317383,16.16,145.860001,212.217148,313.43335,135.490448,88.601997,247.325607,287.949829,1.5525,12/30/2019,-1.705214255,0.55490587,0.927651023,-1.06826621,-1.691869134,-0.24168339,1.382117219,-1.873539421,-1.213536346
1/6/2020,8192.494141,15.87,146.910004,216.428177,316.641449,134.828201,95.629997,249.144852,290.885376,1.5175,1/6/2020,9.022822558,-3.312054455,-0.797629581,0.466801947,-0.493965331,-2.00627763,6.414601124,-0.781933221,-0.498035252
1/13/2020,8706.245117,15.77,146.580002,221.332825,322.707764,134.419159,102.099998,255.792358,296.523041,1.522,1/13/2020,4.748995953,-2.152119723,-1.746628678,0.744178123,0.393830988,-1.825380151,5.24366057,1.146128981,0.416105338
1/20/2020,8596.830078,15.11,147.979996,220.659058,319.616241,138.373215,112.963997,256.559418,293.577789,1.535,1/20/2020,-2.791742,-5.720161699,-0.579894269,-1.8394135,-2.492994615,1.406586623,9.105547711,-1.235123958,-2.528262443
1/27/2020,9344.365234,14.58,149.330002,217.062332,312.772308,142.093552,130.113998,239.016205,287.415253,1.532,1/27/2020,7.163474369,-5.039610854,-0.619710477,-3.161992457,-3.673297006,1.156625107,13.64982913,-8.369875271,-3.631115202
2/3/2020,10116.67383,14.53,147.789993,227.099503,322.950775,140.661942,149.613998,249.115356,296.785461,1.552,2/3/2020,6.712965855,-1.894935528,-2.583279033,3.072096179,1.702273713,-2.55951229,13.43485791,2.673299703,1.708163788
2/10/2020,9934.433594,14.65,149,232.489639,328.200409,141.012711,160.005997,261.082886,301.596924,1.568,2/10/2020,-3.369384912,-0.742122505,-0.749265947,0.805468867,0.057521413,-1.318629776,5.377873474,3.236011359,0.053192286
2/17/2020,9924.515625,14.78,154.699997,228.159683,324.19516,144.417267,180.199997,252.655457,297.912994,1.5825,2/17/2020,-1.682334267,-0.695127986,2.243001342,-3.444929663,-2.802866852,0.831861071,11.03827696,-4.810374921,-2.803974659
2/24/2020,8562.454102,13.61,148.380005,203.91394,288.011475,151.509384,133.598007,227.933731,264.135498,1.606,2/24/2020,-15.33021158,-9.522102842,-5.691321346,-12.23265528,-12.76708118,3.304851138,-27.46726014,-11.39075838,-12.94404053
3/2/2020,8108.116211,13.36,157.550003,206.113586,289.17804,162.68898,140.695999,227.048676,265.544891,1.52,3/2/2020,-6.826164396,-3.356884644,4.660076622,-0.441287088,-1.114958847,5.858814239,3.79294752,-1.908294877,-0.986412879
3/9/2020,5392.314941,12.11,143.279999,190.577286,261.821533,150.394669,109.323997,205.935883,240.7099,0.878,3/9/2020,-34.37284886,-10.23428743,-9.935444448,-8.415736984,-10.33809144,-8.434941472,-23.17572149,-10.17679591,-10.23046425
3/16/2020,5830.254883,10.94,140.110001,169.13562,222.429688,155.758224,85.505997,173.720917,205.804184,0.396,3/16/2020,7.725557194,-10.05743683,-2.608449764,-11.64690322,-15.44130378,3.170319894,-22.18261653,-16.03920192,-14.89715512
3/23/2020,5922.042969,11.42,152.25,183.601807,247.812897,163.837753,102.872002,198.914658,227.406097,0.05,3/23/2020,1.524340879,4.337568556,8.61461988,8.5030103,11.36179005,5.137224657,20.25969243,14.4524223,10.44634297
3/30/2020,6791.129395,11.42,152.649994,182.07666,242.698624,164.619278,96.001999,193.383301,222.679459,0.014,3/30/2020,14.66144951,-0.014,0.248721839,-0.844681912,-2.077763856,0.463011547,-6.692204824,-2.794768927,-2.092501
4/6/2020,6971.091797,11.56,158.690002,199.443329,272.044617,161.814392,114.599998,214.70694,249.681839,0.07,4/6/2020,2.57996279,1.15591944,3.886769235,9.468108289,12.02153662,-1.773862412,19.30251223,10.95661858,12.05612071
4/13/2020,7189.424805,11.44,158.570007,213.771545,280.297882,164.182083,150.778,228.333984,257.435822,0.1525,4/13/2020,2.979477233,-1.190562284,-0.22811598,7.031603912,2.881290961,1.3107141,31.41643772,6.194311146,2.953045454
4/20/2020,7679.867188,10.7,162.639999,212.331757,276.709106,167.146576,145.029999,227.672867,254.04718,0.134,4/20/2020,6.687719349,-6.602531469,2.432684632,-0.807517142,-1.414343602,1.671612979,-3.946227911,-0.423539467,-1.450305545
4/27/2020,8897.46875,10.76,159.779999,211.239532,276.533051,164.319016,140.264008,220.617599,253.73468,0.09,4/27/2020,15.76446118,0.470747664,-1.848485008,-0.604395499,-0.153624578,-1.781664925,-3.376210462,-3.188862018,-0.213008647
5/4/2020,8756.430664,11.25,160.419998,223.274033,285.969574,160.643021,163.884003,237.846252,262.484802,0.096,5/4/2020,-1.681148428,4.457903346,0.304550134,5.601087513,3.316439477,-2.333108698,16.74366923,7.713283157,3.352532144
5/11/2020,9670.739258,11.2,163.929993,221.695267,279.945862,163.317459,159.834,228.107025,256.879272,0.092,5/11/2020,10.34956722,-0.536444444,2.096003393,-0.799097901,-2.198417097,1.572832984,-2.563261945,-4.186757398,-2.227563643
5/18/2020,8790.368164,11.55,163.210007,228.040207,288.903198,162.181076,163.376007,241.428162,265.189941,0.096,5/18/2020,-9.199451872,3.029,-0.535203337,2.766009679,3.103667227,-0.79181232,2.120053531,5.74386267,3.13924313
5/25/2020,9461.058594,11.78,162.910004,231.714096,297.5867,160.260956,167,248.522903,273.197876,0.0875,5/25/2020,7.542333216,1.903841991,-0.271314097,1.523570718,2.918178739,-1.271435911,2.130691683,2.851155102,2.93219787
6/1/2020,9758.852539,12.32,158.009995,237.999451,312.274323,152.933121,177.132004,268.603271,286.733215,0.12,6/1/2020,3.027575317,4.464040747,-3.127801166,2.592547535,4.815577766,-4.692439341,5.947068263,7.959886303,4.834408577
6/8/2020,9386.788086,12.01,162.619995,234.216309,297.479126,159.201569,187.056,255.538681,273.10022,0.13,6/8/2020,-3.942584026,-2.646233766,2.787536957,-1.719559129,-4.867884581,3.968816502,5.472599065,-4.993898325,-4.884592174
6/15/2020,9303.629883,12.33,164.029999,242.517365,301.811096,159.28981,200.179993,263.738586,278.295593,0.14,6/15/2020,-1.025906896,2.524446295,0.72705451,3.404183595,1.316226545,-0.084572782,6.876077004,3.068870363,1.762368662
6/22/2020,9143.582031,12.05,166.539993,238.525726,294.702332,162.095215,191.947998,258.280914,270.61969,0.134,6/22/2020,-1.854273205,-2.404884023,1.39620424,-1.77991884,-2.489368671,1.627195522,-4.246296577,-2.203349079,-2.892183454
6/29/2020,9073.942383,12.46,166.979996,250.846756,306.665283,160.466919,241.731995,267.665588,280.092468,0.118,6/29/2020,-0.879623265,3.284489627,0.146202605,5.047493134,3.941333674,-1.122530578,25.81818976,3.515514322,3.382402354
7/6/2020,9276.5,12.66,169.190002,262.564026,311.929718,163.345932,308.929993,277.880951,286.44693,0.125,7/6/2020,2.107300013,1.480136437,1.198515423,4.546086917,1.591671333,1.669147366,27.67355352,3.69146482,2.143701492
7/13/2020,9185.817383,12.66,170.119995,258.038269,315.986115,163.787827,300.167999,277.702911,290.128113,0.11,7/13/2020,-1.087552062,-0.11,0.439673733,-1.833677485,1.19042018,0.160527092,-2.946239342,-0.174070603,1.175118678
7/20/2020,9905.166992,12.9,178.699997,254.198792,315.161133,166.694748,283.399994,273.984619,289.41153,0.114,7/20/2020,7.71708981,1.781734597,4.929500031,-1.601948673,-0.375081725,1.660808942,-5.700206743,-1.452945993,-0.360988474
7/27/2020,11053.61426,12.94,185.429993,264.374329,320.700562,167.932129,286.152008,287.166687,294.594666,0.094,7/27/2020,11.50042611,0.216077519,3.672086241,3.908984011,1.663649792,0.648303531,0.877070592,4.717243802,1.696922428
8/3/2020,11675.73926,13.17,190.809998,270.024078,328.607147,166.832245,290.541992,292.912201,301.721497,0.092,8/3/2020,5.536249597,1.685434312,2.809367202,2.045026322,2.373410397,-0.746957456,1.442144048,1.908759232,2.327198927
8/10/2020,11892.80371,13.24,182.539993,270.710419,330.836639,160.430664,330.141998,296.056915,303.832062,0.082,8/10/2020,1.777106693,0.44951101,-4.41615706,0.172177703,0.596467288,-3.91913652,13.54770142,0.991602939,0.617507666
8/17/2020,11664.84766,13.3,182.029999,280.368683,333.429626,163.399811,409.996002,295.47345,306.207642,0.084,8/17/2020,-2.000756179,0.369172205,-0.363387542,3.483747424,0.699766577,1.766735343,24.1037751,-0.28107866,0.697872718
8/24/2020,11711.50586,13.55,184.389999,290.971924,344.331787,158.405411,442.679993,304.492188,316.240112,0.078,8/24/2020,0.321989793,1.801699248,1.218489597,3.703892074,3.191703755,-3.134551883,7.893782857,2.974300638,3.198361731
8/31/2020,10280.35156,13.14,181.639999,282.06958,336.464539,159.998108,418.320007,297.916016,309.044617,0.084,8/31/2020,-12.30407073,-3.109830258,-1.575404097,-3.143519928,-2.368787027,0.921456184,-5.586843224,-2.243717805,-2.359326477
9/7/2020,10323.75586,12.9,182.449997,269.009521,328.106201,161.891434,372.720001,287.690826,301.34848,0.095,9/7/2020,0.327206378,-1.921484018,0.35093592,-4.72508418,-2.579166095,1.088342743,-10.99574709,-3.527239105,-2.585299645
9/14/2020,10938.27148,13.43,183.199997,265.448547,324.756989,160.995789,442.149994,290.934418,299.404724,0.1,9/14/2020,5.85244239,4.008527132,0.311071533,-1.423735304,-1.120770711,-0.653238042,18.52792252,1.027457571,-0.745019348
9/21/2020,10774.42676,12.95,174.940002,270.113586,324.163666,162.521378,407.339996,291.972778,297.716309,0.088,9/21/2020,-1.585903213,-3.662087863,-4.596730969,1.669417418,-0.270697531,0.859595592,-7.960893469,0.268905177,-0.651923968
9/28/2020,10684.42871,12.74,178.539993,272.848938,329.202667,160.188675,415.089996,299.529236,301.093231,0.082,9/28/2020,-0.917293162,-1.703621622,1.975843237,0.930667315,1.472461998,-1.517320712,1.820587538,2.506069358,1.052275113
10/5/2020,11384.18164,13.34,181.080002,284.188202,342.031952,157.73381,434,322.763123,314.068878,0.086,10/5/2020,6.463277916,4.623576138,1.336655483,4.069876172,3.811078088,-1.618483492,4.469639544,7.670801076,4.223511362
10/12/2020,11483.35938,13.27,178.300003,286.973328,342.465881,159.014664,439.670013,323.229553,314.473053,0.0875,10/12/2020,0.783689016,-0.612237631,-1.622732477,0.892528721,0.039367972,0.724535162,1.218954608,0.057011553,0.041189924
10/19/2020,13031.17383,13.26,178.639999,283.223389,340.976807,155.684433,420.630005,317.929718,313.152069,0.094,10/19/2020,13.38475999,-0.16935795,0.096687602,-1.400720393,-0.528809446,-2.188291757,-4.424522309,-1.733650506,-0.514062701
10/26/2020,13737.10938,12.65,176.199997,267.94516,322.004089,155.250916,388.040009,303.181549,295.574524,0.082,10/26/2020,5.335282888,-4.682301659,-1.447876631,-5.476409358,-5.64622537,-0.360458797,-7.829900914,-4.72081423,-5.695101985
11/2/2020,15479.56738,13.11,183.190002,293.040802,345.29599,157.063828,429.950012,340.71698,317.194,0.08,11/2/2020,12.60431336,3.556363636,3.887085766,9.28596205,7.153417772,1.087730308,10.72043347,12.30051297,7.234390871
11/9/2020,15955.58789,13.35,177.160004,289.380402,353.125702,155.999557,408.5,338.335022,324.351196,0.092,11/9/2020,2.983153835,1.738663616,-3.383663264,-1.341109331,2.175536324,-0.769604139,-5.080954856,-0.791101641,2.164409642
11/16/2020,18370.00195,13.6,175.690002,288.833344,350.394135,159.303772,489.609985,344.756348,321.866882,0.095,11/16/2020,15.03709088,1.777659176,-0.924759521,-0.284044592,-0.86853956,2.023092553,19.76056548,1.802919394,-0.860933356
11/23/2020,18177.48438,14.02,167.789993,297.417419,358.618317,158.031403,585.76001,354.978851,329.408539,0.08,11/23/2020,-1.127999725,3.008235294,-4.576561506,2.891982002,2.26712319,-0.878706135,19.558085,2.88513844,2.263098163
11/30/2020,19345.12109,14.04,172.320007,303.8927,364.712433,153.079971,599.039978,376.555267,334.99826,0.08,11/30/2020,6.343533013,0.062653352,2.619811782,2.097169388,1.619332051,-3.213194989,2.187134624,5.99822577,1.616896206
12/7/2020,19142.38281,14.24,172.490005,300.242279,361.211792,156.760895,609.98999,364.883759,331.784424,0.076,12/7/2020,-1.124007294,1.348501425,0.022652503,-1.277220365,-1.035835937,2.328575841,1.75192675,-3.175547138,-1.035359013
12/14/2020,23477.29492,14.69,176.440002,308.408539,364.051788,154.351791,695,372.019653,335.816498,0.074,12/14/2020,22.57162439,3.08611236,2.21598602,2.645890092,0.71224122,-1.610801637,13.86229591,1.881662269,1.141269226
12/21/2020,26272.29492,14.6,176.350006,307.911194,365.425323,155.461609,661.77002,371.066528,334.357452,0.078,12/21/2020,11.82711943,-0.690661675,-0.129006574,-0.239261748,0.299291101,0.641018544,-4.859292086,-0.334202862,-0.512477165
12/28/2020,32782.02344,14.7,178.360001,312.634552,370.258057,155.896515,705.669983,377.093201,340.208832,0.08,12/28/2020,24.69792115,0.604931507,1.059775975,1.454000092,1.24249565,0.199751382,6.553718916,1.544148918,1.670037263
1/4/2021,38356.44141,15.24,173.339996,317.905914,377.566589,149.56102,880.02002,396.56546,346.870667,0.0775,1/4/2021,16.92699632,3.595969388,-2.892035194,1.608609858,1.896402218,-4.141410601,24.62952187,5.086278861,1.88066051
1/11/2021,35791.27734,15.3,171.130005,310.7612,372.060425,150.055206,826.159973,403.835236,341.871796,0.086,1/11/2021,-6.773700881,0.307700787,-1.360945801,-2.333430351,-1.544329249,0.244424331,-6.206320649,1.747184363,-1.527133966
1/18/2021,32289.37891,15.09,173.899994,324.273438,379.170868,150.114487,846.640015,415.053131,348.335663,0.0875,1/18/2021,-9.871723113,-1.46004902,1.531146011,4.260609738,1.823598983,-0.047993873,2.391443869,2.690339574,1.803228359
1/25/2021,33114.35938,15.19,172.610001,313.45166,366.484985,150.233124,793.530029,389.265869,336.734375,0.072,1/25/2021,2.48295924,0.590690524,-0.813801636,-3.409238494,-3.417690313,0.007031013,-6.345030457,-6.285002643,-3.402491027
2/1/2021,38903.44141,15.87,169.809998,330.192474,383.954071,146.309235,852.22998,403.377747,352.829712,0.056,2/1/2021,17.42608976,4.420629361,-1.678155717,5.28479609,4.710658039,-2.667866741,7.341319428,3.569254389,4.723831878
2/8/2021,48717.28906,16.32,170.690002,335.264557,388.836334,145.568512,816.119995,434.75412,357.392975,0.032,2/8/2021,25.19416842,2.803538752,0.486228615,1.504098912,1.239574745,-0.538272212,-4.269117427,7.746409502,1.261332972
2/15/2021,57539.94531,16.52,167.009995,329.853699,386.251617,141.768738,781.299988,435.281189,354.957886,0.0425,2/15/2021,18.06740804,1.182990196,-2.198459316,-1.656406954,-0.707231347,-2.652799403,-4.309030316,0.078733814,-0.723847752
2/22/2021,45137.76953,16.73,161.809998,313.033173,376.675262,141.6203,675.5,414.61554,346.049072,0.03,2/22/2021,-21.58402775,1.241186441,-3.14358431,-5.129389836,-2.509304831,-0.134704325,-13.57153201,-4.777654969,-2.539822813
3/1/2021,51206.69141,17.370001,159.139999,307.592377,379.913605,137.454437,597.950012,394.427277,349.117676,0.034,3/1/2021,13.41132958,3.791469217,-1.684082834,-1.772089273,0.825717461,-2.975571936,-11.51438312,-4.903152517,0.852754003
3/8/2021,59302.31641,17.42,161.490005,314.348511,390.242554,134.79628,693.72998,400.941223,358.689728,0.038,3/8/2021,15.77170138,0.249846846,1.438690973,2.158456904,2.680762599,-1.971845904,15.98005604,1.613494808,2.703783833
3/15/2021,57523.42188,16.83,163.240005,312.036713,385.70694,133.498474,654.869995,407.504913,355.591461,0.032,3/15/2021,-3.031704965,-3.418911596,1.051658397,-0.767425147,-1.194255104,-0.994790665,-5.633600928,1.605070379,-0.895773551
3/22/2021,55950.74609,16.77,162.240005,314.886597,393.428345,135.390747,618.710022,419.01123,360.322998,0.012,3/22/2021,-2.745974681,-0.368506239,-0.624594933,0.901316889,1.989883866,1.405449161,-5.533702517,2.811602031,1.318610411
3/29/2021,58758.55469,16.889999,161.979996,323.83493,398.028473,136.232819,661.75,437.984772,365.716034,0.02,3/29/2021,4.998357745,0.695557543,-0.180261953,2.821763697,1.149241632,0.601956831,6.9364055,4.508170283,1.476722671
4/5/2021,60204.96484,16.780001,163.270004,336.346497,408.838379,136.419144,677.02002,445.178589,375.739075,0.018,4/5/2021,2.443616283,-0.66926114,0.778399575,3.845563143,2.697862491,0.11876954,2.289520967,1.624481077,2.722662172
4/12/2021,56216.18359,17.440001,166.350006,341.235413,414.571198,138.155258,739.780029,440.077179,381.083374,0.018,4/12/2021,-6.643336068,3.915253639,1.868446943,1.435535578,1.384221341,1.254632234,9.252037391,-1.163924383,1.404343151
4/19/2021,49004.25391,17.639999,166.399994,338.651306,414.054535,138.948929,729.400024,431.777405,380.487335,0.02,4/19/2021,-12.84892082,1.126777457,0.010049894,-0.777279843,-0.144625879,0.554477592,-1.423120467,-1.905981459,-0.176406456
4/26/2021,56631.07813,17.91,165.660004,337.224518,414.610931,137.540192,709.440002,420.498474,381.023743,0.012,4/26/2021,15.55159624,1.518618001,-0.456705545,-0.433314779,0.122377468,-1.025852363,-2.748498676,-2.624209641,0.1289792
5/3/2021,58232.31641,18.73,171.589996,333.443115,419.399872,138.125519,672.369995,420.747589,385.454132,0.012,5/3/2021,2.815490369,4.566447795,3.567615995,-1.133330982,1.143044559,0.413567968,-5.237249055,0.047242783,1.150759298
5/10/2021,46456.05859,18.41,172.690002,325.650818,413.895569,136.191971,589.73999,403.201477,380.407898,0.012,5/10/2021,-20.23489091,-1.720489055,0.629066511,-2.348919447,-1.324423624,-1.411848496,-12.30136532,-4.182222827,-1.321165885
5/17/2021,34770.58203,18.15,176.039993,326.269379,412.266144,136.778168,580.880005,412.537506,378.937714,0.006,5/17/2021,-25.1598269,-1.418275937,1.933887058,0.183946091,-0.399680223,0.424419646,-1.508354453,2.309474901,-0.392475677
5/24/2021,35678.12891,18.6,178.380005,333.173706,417.333282,137.543167,625.219971,431.109833,383.566772,0.004,5/24/2021,2.606099765,2.475338843,1.325250223,2.112143115,1.225093893,0.555299054,7.62924019,4.497972967,1.217588095
5/31/2021,35862.37891,19.08,177.160004,334.839905,419.876801,138.993698,599.049988,435.414154,385.921021,0.005,5/31/2021,0.511422822,2.575645161,-0.688933718,0.495099188,0.604469484,1.049600553,-4.190724099,0.993427934,0.60877814
6/7/2021,39097.85938,19.219999,175.740005,340.467163,421.575775,141.591644,609.890015,434.019257,387.500458,0.008,6/7/2021,9.013934875,0.725747379,-0.809534753,1.67258165,0.396636311,1.861110641,1.801536302,-0.328360968,0.401264309
6/14/2021,35698.29688,18.620001,164.929993,341.854004,412.246277,144.99437,623.309998,427.185822,380.278748,0.01,6/14/2021,-8.705009276,-3.131737936,-6.161139008,0.39733473,-2.223006191,2.393196901,2.190393951,-1.584454333,-1.873664894
6/21/2021,34649.64453,18.99,166.589996,348.668518,425.24762,141.293121,671.869995,438.737579,390.887817,0.04,6/21/2021,-2.97754168,1.947105156,0.966489462,1.953398913,3.113780574,-2.592684632,7.750665504,2.664152714,2.749813803
6/28/2021,35287.78125,19.5,167.289993,358.242828,432.33493,144.307846,678.900024,449.341675,396.102997,0.044,6/28/2021,1.797683309,2.641624013,0.376191498,2.701963431,1.622631315,2.089667215,1.002337692,2.372956401,1.290188423
7/5/2021,34240.1875,19.120001,169.210007,360.610199,434.129181,145.980438,656.950012,443.216614,399.061249,0.0475,7/5/2021,-3.016215269,-1.996212821,1.10021599,0.613328582,0.367514119,1.111544395,-3.28067296,-1.410618834,0.699339085
7/12/2021,31796.81055,19.02,169.410004,357.203979,429.962524,147.65416,644.219971,425.709442,395.313538,0.054,7/12/2021,-7.189991735,-0.577017755,0.064194546,-0.998571177,-1.013773538,1.092538552,-1.991748804,-4.004026115,-0.993131777
7/19/2021,35350.1875,19.15,168.559998,367.792236,438.535095,147.943054,643.380005,443.944855,403.058167,0.052,7/19/2021,11.1232622,0.631491062,-0.553744867,2.912204662,1.941794929,0.143655849,-0.182384968,4.231535013,1.907110492
7/26/2021,39974.89453,19.5,169.820007,364.16626,437.10965,148.959244,687.200012,455.795898,401.832153,0.046,7/26/2021,13.03655304,1.78167624,0.701513654,-1.031876167,-0.371046961,0.640879156,6.764905944,2.62348538,-0.350177933
8/2/2021,43798.11719,19.01,164.639999,367.642395,441.076935,147.225754,699.099976,464.634277,405.530029,0.046,8/2/2021,9.518059405,-2.558820513,-3.096293126,0.908546146,0.861617803,-1.209734424,1.685659458,1.893108939,0.874253885
8/9/2021,47047.00391,19.07,166.389999,368.41156,444.496002,148.173233,717.169983,454.050171,408.619904,0.046,8/9/2021,7.371868457,0.269623356,1.016925177,0.163215534,0.729163408,0.597555203,2.538752914,-2.323943433,0.715934944
8/16/2021,49321.65234,17.9,166.699997,367.322754,441.944153,150.168167,680.26001,444.643158,406.277588,0.046,8/16/2021,4.788842266,-6.181291033,0.140308073,-0.341540672,-0.620099427,1.300352482,-5.192614314,-2.117800343,-0.619226115
8/23/2021,48829.83203,19.200001,170.190002,375.623566,448.812164,149.080933,711.919983,469.87146,412.507141,0.036,8/23/2021,-1.033169167,7.226575419,2.057584321,2.223814267,1.518044997,-0.760010968,4.618098806,5.637831149,1.497324304
8/30/2021,51753.41016,19.33,171.059998,381.14743,451.633118,147.804169,733.570007,469.731842,415.208313,0.038,8/30/2021,5.949278695,0.63907809,0.473191016,1.432585048,0.590537777,-0.894423403,3.003075474,-0.067714084,0.61681824
9/6/2021,46063.26953,19.360001,167.179993,376.172943,444.017517,148.211823,736.27002,467.317719,408.24115,0.04,9/6/2021,-11.03471631,0.115204346,-2.308212934,-1.345134604,-1.726236172,0.235806835,0.328064803,-0.553936417,-1.717992174
9/13/2021,47260.21875,19.52,163.770004,373.415985,439.990417,148.98085,759.48999,467.856415,405.749298,0.056,9/13/2021,2.542489495,0.770441073,-2.095711175,-0.788896411,-0.962968722,0.462870212,3.097730203,0.059274037,-0.666387267
9/20/2021,43208.53906,19.92,163.300003,372.916534,443.910004,146.723724,774.390015,471.647125,408.121521,0.054,9/20/2021,-8.627129362,1.995180328,-0.340988452,-0.187751907,0.836834629,-1.569044383,1.907846133,0.756229352,0.530652398
9/27/2021,48199.95313,20.450001,164.589996,360.179993,434.23999,145.165695,775.219971,446.160004,397.815338,0.052,9/27/2021,11.49991584,2.60864759,0.737952833,-3.467386511,-2.230372623,-1.1138794,0.055175452,-5.455853782,-2.577273104
10/4/2021,54771.57813,21.02,164.229996,361.160004,437.859985,141.880005,785.48999,443.559998,402.48999,0.072,10/4/2021,13.56209002,2.715281037,-0.290725323,0.200089238,0.761639251,-2.335406654,1.252787723,-0.654751922,1.103080886
10/11/2021,61593.94922,21.68,165.330002,368.940002,445.869995,145.029999,843.030029,454.190002,409.929993,0.0525,10/11/2021,12.40354257,3.087366794,0.617296034,2.101669319,1.776854194,2.167681766,7.272868844,2.344019986,1.795993922
