Date,BTC,DBC,GLD,QQQ,SPY,TLT,TSLA,SOXX,VOO,Tbill
9/15/2014,398.821014,23.007803,117.089996,93.955566,175.020676,97.673386,51.863998,80.912292,161.717178,0.01
9/22/2014,377.181,22.823196,117.059998,93.048729,173.38562,98.866592,49.32,79.916313,158.777893,0.008
9/29/2014,320.51001,22.181931,114.610001,92.474098,172.176636,100.315544,51.042,77.644585,158.391174,0.008
10/6/2014,378.549011,21.948744,117.589996,88.960533,166.937347,102.573364,47.382,69.938805,153.556808,0.012
10/13/2014,389.54599,21.637829,118.989998,87.60408,165.123764,103.444885,45.495998,71.624702,151.913162,0.0175
10/20/2014,354.70401,21.530951,118.349998,92.898003,172.097733,102.291412,47.048,76.187752,158.285706,0.03
10/27/2014,325.891998,21.686407,112.660004,95.516693,176.679871,101.889832,48.34,79.852829,162.548706,0.03
11/3/2014,363.264008,21.35606,112.970001,95.705093,178.151733,102.317032,48.040001,79.495468,163.928696,0.016
11/10/2014,387.881989,21.025711,114.470001,97.231125,178.940277,102.343796,51.736,80.512543,164.658264,0.04
11/17/2014,367.572998,21.122871,115.389999,97.843384,181.078033,102.866257,48.556,82.794022,166.627136,0.04
11/24/2014,378.046997,19.840343,112.110001,99.859215,181.53363,104.9133,48.903999,85.61615,167.031525,0.04
12/1/2014,375.095001,19.597441,114.43,99.265785,182.234528,103.714218,44.742001,87.796875,167.708313,0.0425
12/8/2014,351.631989,18.76185,117.410004,96.713013,176.005234,108.421738,41.400002,83.893547,161.915863,0.03
12/15/2014,320.842987,18.674406,114.769997,98.267281,180.937851,108.052628,43.858002,85.936821,166.495346,0.032
12/22/2014,317.239014,18.256615,114.830002,99.314186,183.627975,106.799309,45.563999,86.340004,168.01593,0.024
12/29/2014,264.195007,17.712509,114.080002,97.328659,180.976212,109.52874,43.862,85.72757,165.598709,0.0125
1/5/2015,265.660004,17.226704,117.260002,97.026108,179.936707,112.754761,41.332001,85.561317,164.570374,0.025
1/12/2015,210.339005,17.051811,122.519997,95.324211,177.628601,114.578529,38.613998,82.864143,162.434448,0.018
1/19/2015,253.718002,16.799194,124.230003,98.576698,180.571014,115.937752,40.257999,84.96093,165.282318,0.0225
1/26/2015,226.972,16.906071,123.449997,95.588974,175.708038,118.957268,40.720001,81.626389,160.843521,0.016
2/2/2015,223.412003,17.508471,118.639999,97.508301,181.081924,112.660126,43.472,83.954079,165.704224,0.014
2/9/2015,234.824997,17.780521,117.980003,101.082268,184.808426,110.500168,40.754002,88.147644,169.10585,0.016
2/16/2015,235.977005,17.450174,115.279999,102.500488,186.09465,109.077835,43.422001,88.960457,170.327667,0.02
2/23/2015,260.201996,17.654213,116.160004,102.491028,185.583664,111.655243,40.667999,89.468506,169.817764,0.018
3/2/2015,274.354004,17.071245,111.860001,101.554977,182.799805,106.45739,38.776001,89.228348,167.277634,0.02
3/9/2015,286.393005,16.468847,110.879997,99.597832,181.328674,109.44593,37.736,88.609459,165.950394,0.014
3/16/2015,267.959991,16.721464,113.57,102.613937,185.363434,113.582962,39.616001,91.445206,170.389191,0.028
3/23/2015,242.712997,16.692316,115.059998,99.997475,182.058411,113.194275,37,86.725151,165.713043,0.022
3/30/2015,260.597992,16.799194,115.279999,99.618416,182.677811,112.909302,38.200001,86.317482,167.106262,0.022
4/6/2015,236.153,16.944937,115.970001,102.110764,185.863449,112.184906,42.18,88.744003,170.101151,0.03
4/13/2015,222.600006,17.430742,115.599998,100.461838,184.013992,113.768814,41.358002,87.132515,168.378403,0.018
4/20/2015,219.429993,17.489038,113.050003,104.754745,187.288132,111.708984,43.686001,86.882423,171.373398,0.026
4/27/2015,240.358002,17.751375,113.080002,103.342735,186.465195,107.320885,45.206001,88.345757,170.595947,0.016
5/4/2015,240.296005,17.702793,113.970001,103.001579,187.261597,106.24894,47.321999,87.966042,171.346863,0.002
5/11/2015,236.802002,17.926266,117.529999,103.845001,187.987198,105.451057,49.768002,88.957016,172.035934,0.014
5/18/2015,240.953003,17.479322,115.599998,104.688423,188.473846,104.418976,49.546001,90.33699,172.50415,0.012
5/25/2015,230.190002,17.20727,114.099998,104.290398,186.836823,106.422424,50.16,93.606316,170.940445,0.0175
6/1/2015,222.880997,17.071245,112.239998,103.579659,185.624557,101.990654,49.827999,91.161255,169.889145,0.014
6/8/2015,233.542999,17.090677,113.230003,103.058434,185.836899,102.514748,50.138,89.660889,170.074661,0.018
6/15/2015,243.944,16.954651,115.120003,104.138771,186.54483,103.496925,52.501999,90.614822,171.258514,0.008
6/22/2015,249.011002,17.197556,112.559998,103.789391,186.571884,100.150719,53.417999,87.438141,169.995117,0
6/29/2015,271.912994,17.246136,111.760002,102.535591,184.340012,100.819977,56.004002,86.115105,168.757294,0
7/6/2015,310.867004,16.77976,111.489998,102.250641,184.491165,101.085457,51.830002,82.762993,168.854919,0.0125
7/13/2015,273.614014,16.371685,108.650002,107.8927,188.937225,103.411156,54.931999,83.812271,172.946747,0.018
7/20/2015,292.686005,15.681838,105.349998,105.527588,184.953537,105.736877,53.082001,80.738701,169.236572,0.03
7/27/2015,282.614014,15.283476,104.93,106.334953,187.176529,106.729836,53.23,81.286583,171.260269,0.04
8/3/2015,265.083008,14.991993,104.650002,104.777222,184.909103,108.306404,48.501999,80.14444,169.236572,0.044
8/10/2015,258.506989,14.894831,106.849998,104.967194,186.216217,108.211243,48.630001,79.438744,170.43486,0.04
8/17/2015,228.169006,14.389593,111.129997,97.263962,175.910385,110.341263,46.153999,72.920204,160.689133,0.05
8/24/2015,228.761002,14.885116,108.699997,100.322456,177.199738,106.814522,49.695999,77.303032,162.180267,0.03
8/31/2015,239.839996,14.778238,107.489998,97.036011,171.250977,107.093849,48.386002,75.408775,156.650604,0.022
9/7/2015,230.511993,14.79767,106.160004,100.274971,174.941208,106.197739,50.048,77.693031,160.050003,0.015
9/14/2015,231.212006,14.583916,109.209999,100.06601,173.794083,106.818954,52.124001,77.033737,159.881424,0.024
9/21/2015,232.757004,14.71994,109.809998,97.995712,172.373718,106.329033,51.382,74.396629,156.890228,0
9/28/2015,238.259003,14.71994,108.989998,99.033562,174.295441,108.971054,49.514,76.729156,159.500381,0
10/5/2015,247.050003,15.312626,110.870003,101.432983,179.953339,107.198524,44.138,79.539871,164.70253,0
10/12/2015,261.643005,14.982277,112.489998,102.946922,181.687317,108.645058,45.402,82.369232,166.148132,0.0025
10/19/2015,283.679993,14.574199,111.5,107.383949,185.477142,108.005081,41.818001,86.281799,169.735184,0.018
10/26/2015,325.431,14.768521,109.300003,107.907646,185.852539,107.636871,41.386002,83.611168,170.038559,0.026
11/2/2015,373.368011,14.49647,104.099998,109.297798,187.73848,104.32309,46.472,85.450737,171.823181,0.016
11/9/2015,320.165985,13.884354,103.559998,104.584641,181.034775,105.147888,41.438,81.332726,165.675156,0.056
11/16/2015,324.536011,13.777476,103.089996,109.002617,187.085999,105.824348,44.001999,84.171448,171.260986,0.06
11/23/2015,371.294006,13.874638,101.25,108.840729,187.309464,106.28125,46.321999,84.628998,171.457306,0.062
11/30/2015,388.78299,13.787192,104.019997,109.63102,187.363098,105.938614,46.076,87.421036,171.466263,0.1275
12/7/2015,433.755005,13.145926,103.110001,105.489143,180.444916,108.96302,43.403999,83.667213,165.059464,0.188
12/14/2015,442.684998,12.893309,102.040001,104.575089,178.782394,108.496422,46.091999,82.873505,164.541931,0.178
12/21/2015,422.822998,13.009902,103.050003,107.530449,184.935501,107.263794,46.113998,85.170593,168.20932,0.178
12/28/2015,430.010986,12.980753,101.459999,106.83326,183.308121,106.385834,48.001999,84.069542,167.793091,0.165
1/4/2016,447.990997,12.436649,105.68,99.336029,172.563354,108.8386,42.200001,76.124825,157.955154,0.1425
1/11/2016,382.299011,11.727371,104.080002,96.308472,168.867874,110.947235,40.998001,72.671867,154.526245,0.2
1/18/2016,402.971008,12.048004,105,99.106796,171.30455,110.585495,40.509998,75.713135,156.779282,0.2125
1/25/2016,368.766998,12.417217,106.949997,99.45063,174.181793,112.314812,38.240002,77.696938,159.552917,0.25
2/1/2016,376.619995,12.174314,112.32,93.710724,168.993774,113.567657,32.52,74.31881,154.669815,0.248
2/8/2016,407.230011,12.145166,118.360001,93.615211,167.806946,116.240494,30.208,72.475327,153.619598,0.242
2/15/2016,438.798004,12.086869,117.580002,97.062965,172.635269,115.807327,33.316002,76.7799,158.044907,0.2675
2/22/2016,433.503998,12.232612,117.110001,98.782097,175.413681,115.276962,38.068001,79.231598,160.656982,0.266
2/29/2016,407.707001,12.776714,120.540001,100.921425,180.215073,113.676971,40.208,82.619087,164.965591,0.264
3/7/2016,414.065002,13.058482,119.410004,101.704559,182.310074,112.794449,41.5,83.657806,166.940399,0.268
3/14/2016,413.755005,13.194508,119.800003,102.545036,183.766708,114.300049,46.548,85.688416,169.157532,0.272
3/21/2016,426.765015,12.971038,116.330002,102.743858,183.575729,114.725113,45.549999,84.350258,167.227615,0.278
3/28/2016,420.903992,12.68927,116.93,105.713326,187.010071,115.734741,47.518002,86.585449,171.256622,0.245
4/4/2016,421.563995,12.883593,118.43,104.410599,184.822937,117.154831,50.014,85.233849,169.271225,0.176
4/11/2016,427.398987,13.175076,117.919998,105.981529,187.787354,117.039467,50.902,85.590508,171.969513,0.194
4/18/2016,458.554993,13.660884,117.889999,104.391434,188.862808,113.915573,50.75,85.008575,172.962234,0.196
4/25/2016,451.875,14.166121,123.650002,101.268692,186.476852,114.820793,48.152,82.014465,170.760254,0.182
5/2/2016,458.548004,13.719179,123.18,101.13459,185.925552,115.770355,42.986,81.075882,170.245865,0.162
5/9/2016,457.567993,14.06896,121.709999,101.057938,185.057922,117.630829,41.521999,80.559654,169.442657,0.194
5/16/2016,439.322998,14.24385,119.709999,101.987099,185.717682,115.73671,44.056,84.614372,170.101471,0.242
5/23/2016,526.232971,14.379876,115.620003,105.493004,190.010635,115.469925,44.608002,88.622192,173.963943,0.254
5/30/2016,574.97699,14.564483,118.879997,105.425957,190.046783,118.475647,43.798,89.889275,174.099304,0.23
6/6/2016,672.783997,14.92398,121.739998,104.353119,189.856979,120.100349,43.757999,89.119629,173.873688,0.222
6/13/2016,763.781006,14.836535,123.949997,102.006248,186.648544,120.83989,43.094002,87.861931,171.852219,0.204
6/20/2016,629.367004,14.583916,126,100.16497,184.639404,120.991447,38.630001,86.031662,168.161224,0.23
6/27/2016,658.664001,15.09887,128.410004,103.805061,190.708023,125.259697,43.299999,87.443581,174.679108,0.246
7/4/2016,649.359985,14.457606,130.520004,105.937248,193.188187,128.195068,43.355999,89.420891,177.009979,0.2175
7/11/2016,679.458984,14.506186,126.839996,107.377922,196.077164,123.543945,44.080002,92.358582,179.585739,0.268
7/18/2016,661.284973,14.146689,126.349998,109.154747,197.358124,123.910019,44.453999,94.674843,180.782913,0.28
7/25/2016,624.68103,13.874638,128.979996,110.672279,197.249146,126.373909,46.958,97.923271,180.737564,0.284
8/1/2016,592.690002,13.952366,127.550003,112.16095,198.212067,123.195793,46.006001,98.761269,181.544785,0.214
8/8/2016,570.473022,14.146689,127.400002,112.564331,198.466476,125.280975,45.122002,99.608673,181.816849,0.256
8/15/2016,581.307983,14.690793,127.970001,112.621979,198.539139,124.055771,45,101.83078,181.880325,0.268
8/22/2016,573.911987,14.447889,126.050003,112.16095,197.40358,123.742691,43.998001,102.395706,180.828293,0.264
8/29/2016,608.633972,13.981516,126.57,112.487488,198.384689,123.984177,39.556,103.243126,181.726181,0.274
9/5/2016,606.718994,14.234134,126.75,109.759827,193.760574,121.423241,38.894001,98.422295,177.472519,0.2525
9/12/2016,609.874023,14.030095,125.059998,112.650795,193.842285,120.733337,41.080002,102.593452,177.662994,0.246
9/19/2016,600.825989,14.156405,127.650002,113.93438,197.213699,122.588043,41.490002,102.941803,180.643341,0.21
9/26/2016,610.892029,14.583916,125.639999,114.309898,197.496765,123.206238,40.806,106.387978,181.007721,0.12
10/3/2016,616.752014,14.74909,119.739998,114.069199,196.346283,119.989677,39.321999,107.080376,179.887192,0.174
10/10/2016,641.630981,14.826818,119.360001,112.788589,194.593155,118.114197,39.301998,103.506317,178.220093,0.265
10/17/2016,657.070984,14.894831,120.830002,113.761101,195.378448,119.658066,40.018002,104.187088,178.985306,0.258
10/24/2016,701.864014,14.729657,121.580002,112.750076,194.063614,117.090912,39.993999,104.726036,177.764587,0.248
10/31/2016,711.521973,14.282715,124.389999,109.428238,190.420486,118.24881,38.112,102.834991,174.439392,0.208
11/7/2016,702.031006,14.000947,117.099998,111.498383,197.606323,109.751251,37.712002,107.118217,181.080597,0.25
11/14/2016,731.026001,14.253567,115.150002,112.961906,199.505508,108.681076,37.004002,111.78907,182.802414,0.3
11/21/2016,732.034973,14.583916,112.610001,114.38694,202.263016,108.654091,39.330002,114.077248,185.389648,0.296
11/28/2016,773.872009,15.157167,112.139999,111.402084,200.582916,107.556938,36.293999,108.687752,183.795395,0.3375
12/5/2016,769.731018,15.157167,110.400002,115.060928,206.819214,105.882385,38.436001,114.436546,189.489227,0.344
12/12/2016,790.530029,15.196032,108.050003,115.157196,205.476944,105.557961,40.498001,115.533356,189.370773,0.39
12/19/2016,896.182983,15.09887,107.93,116.077202,207.303452,106.378029,42.667999,118.691391,188.751297,0.47
12/26/2016,998.325012,15.390354,109.610001,114.416191,205.301239,107.632271,42.737999,116.305222,188.208084,0.445
1/2/2017,911.198975,15.380638,111.75,117.747833,208.681137,109.19532,45.801998,116.551605,191.233154,0.4525
1/9/2017,821.797974,15.438935,114.209999,118.935654,208.53418,109.60186,47.549999,118.532372,191.095673,0.504
1/16/2017,924.672974,15.419502,115.050003,119.02256,208.249435,108.36412,48.945999,119.205246,190.793167,0.515
1/23/2017,919.495972,15.302909,113.489998,121.485107,210.297607,108.08403,50.59,123.384735,192.736572,0.478
1/30/2017,1027.339966,15.458367,116.129997,121.369217,210.637421,107.514832,50.265999,123.678551,193.094101,0.49
2/6/2017,999.18103,15.594393,117.599998,123.010902,212.630447,109.340759,53.846001,123.64064,194.863297,0.494
2/13/2017,1047.869995,15.332057,117.68,125.357574,215.918518,108.94236,54.445999,125.356026,197.860947,0.51
2/20/2017,1165.199951,15.254329,119.699997,125.79213,217.433975,110.472549,51.400002,125.005356,199.281815,0.5125
2/27/2017,1267.119995,15.1766,117.510002,126.526054,218.976944,108.064117,50.313999,125.166458,200.73938,0.438
3/6/2017,1221.380005,14.486753,114.720001,126.883369,218.306503,106.367104,48.737999,127.488403,199.996872,0.5
3/13/2017,1036.73999,14.564483,116.989998,127.173073,217.700302,107.628082,52.299999,129.213272,200.354355,0.576
3/20/2017,966.724976,14.486753,118.860001,126.411774,215.723236,109.660179,52.632,128.777328,196.84343,0.714
3/27/2017,1102.170044,14.778238,118.720001,128.105316,217.457443,109.505966,55.66,130.07402,199.250854,0.738
4/3/2017,1187.869995,14.972561,119.459999,127.708519,216.959351,109.505966,60.507999,128.458664,198.845642,0.746
4/10/2017,1182.939941,15.166883,122.599998,126.18924,214.477951,112.246925,60.799999,123.441551,196.598465,0.772
4/17/2017,1207.209961,14.554767,122.309998,128.27951,216.396606,112.310562,61.119999,127.669983,198.375961,0.7575
4/24/2017,1347.890015,14.379876,120.769997,131.59874,219.615967,111.228729,62.813999,129.33287,201.322998,0.74
5/1/2017,1596.709961,14.049527,117.010002,133.098648,221.110321,110.265076,61.669998,130.102509,202.667618,0.704
5/8/2017,1808.910034,14.204986,116.830002,134.124481,220.446167,110.586494,64.961998,134.511444,202.069016,0.72
5/15/2017,2041.199951,14.642212,119.400002,133.388992,219.828125,112.699989,62.166,136.535385,201.424332,0.71
5/22/2017,2155.800049,14.447889,120.540001,136.659866,222.964447,112.49044,65.028,139.709137,204.389847,0.716
5/29/2017,2511.810059,14.010663,121.610001,138.82753,225.233658,114.44001,67.970001,142.198654,206.388351,0.7475
6/5/2017,2958.110107,13.913502,120.540001,135.4599,224.532608,113.568703,71.463997,140.535812,205.83577,0.82
6/12/2017,2548.290039,13.719179,119.339996,133.68898,223.822311,115.348907,74.279999,137.552124,206.176529,0.818
6/19/2017,2589.409912,13.427694,119.43,137.051575,225.368027,116.654396,76.690002,140.288742,205.716064,0.87
6/26/2017,2506.469971,14.039812,118.019997,133.558319,224.135193,114.225967,72.321999,133.219223,205.435852,0.82
7/3/2017,2518.439941,13.84549,115.279999,133.674774,224.422546,112.034973,62.644001,136.081436,205.694916,0.892
7/10/2017,1929.819946,14.11754,116.769997,137.905441,227.620514,112.824509,65.556,142.463531,208.590576,0.9525
7/17/2017,2730.399902,14.039812,119.260002,139.836426,228.844101,114.983475,65.68,142.8255,209.793259,0.948
7/24/2017,2757.179932,14.525618,120.690002,139.574432,228.871857,113.336754,67.014,141.101379,209.793259,0.988
7/31/2017,3213.939941,14.399308,119.650002,139.390121,229.335327,114.288185,71.382004,139.38678,210.246567,0.998
8/7/2017,4073.26001,14.360444,122.790001,137.886078,226.28569,115.911797,71.573997,137.738892,207.44342,1.002
8/14/2017,4087.659912,14.418741,122.300003,137.041855,224.978699,116.085983,69.491997,138.453293,206.185242,0.994
8/21/2017,4382.879883,14.370161,122.739998,137.759903,226.693527,116.72776,69.610001,139.624924,207.785751,0.962
8/28/2017,4582.959961,14.690793,126.059998,141.67041,229.733948,116.2052,71.080002,144.702026,210.644394,0.974
9/4/2017,4122.939941,14.690793,127.970001,139.933487,228.565979,118.511543,68.68,141.510986,209.450974,0.9575
9/11/2017,3582.879883,14.904548,125.529999,141.728638,230.985291,116.545517,75.961998,148.255051,212.864731,1.05
9/18/2017,3682.840088,14.982277,123.239998,140.040237,232.364471,115.939178,70.218002,148.71228,211.893326,0.982
9/25/2017,4403.740234,14.962844,121.580002,141.445618,234.031967,114.616272,68.220001,151.046066,214.578064,0.976
10/2/2017,4610.47998,14.79767,121.089996,143.594818,236.957016,113.541405,71.375999,154.062866,217.293289,0.966
10/9/2017,5678.189941,15.137734,123.82,144.256058,237.497299,115.851639,71.113998,157.68483,217.721008,1.015
10/16/2017,6008.419922,15.157167,121.610001,144.615891,239.50943,114.130226,69.019997,159.242569,219.599365,1
10/23/2017,6153.850098,15.477799,120.900002,147.076248,240.06839,113.44899,64.174004,163.313721,220.120087,0.992
10/30/2017,7407.410156,15.759566,120.620003,149.050369,240.757736,115.65831,61.217999,168.197159,220.780289,0.99
11/6/2017,5950.069824,15.934458,121.129997,149.449066,240.422379,114.482552,60.598,168.655914,220.417664,1.024
11/13/2017,8036.490234,15.856729,122.860001,149.711624,240.208069,116.595116,63.009998,169.219757,220.287476,1.06
11/20/2017,9330.549805,15.973323,122.32,151.958008,242.536972,116.973358,63.110001,173.692245,222.351807,1.078
11/27/2017,11323.2002,15.837296,121.589996,150.236755,246.356339,116.742722,61.306,163.122574,225.866714,1.15
12/4/2017,15455.40039,15.506948,118.480003,150.440979,247.334412,117.110565,63.026001,160.570984,226.787323,1.154
12/11/2017,19140.80078,15.390354,119.18,153.309769,248.265976,118.645058,68.690002,162.272034,228.860916,1.174
12/18/2017,13925.79981,15.740136,120.940002,153.037476,250.471268,115.335716,65.040001,164.622971,229.688522,1.238
12/25/2017,14156.40039,16.138496,123.650002,151.788559,249.862686,117.515717,62.27,162.57872,228.089111,1.2075
1/1/2018,16477.59961,16.235657,125.330002,157.791504,256.004883,116.450432,63.316002,171.846558,234.756439,1.2225
1/8/2018,13772,16.488276,126.959999,160.295959,260.218262,115.348068,67.244003,171.367813,238.643356,1.286
1/15/2018,11600.09961,16.400831,126.419998,162.098816,262.549652,113.995628,70.003998,177.897369,240.764343,1.3025
1/22/2018,11786.29981,16.76033,128.070007,166.571777,268.326599,114.486572,68.57,178.998459,246.071457,1.296
1/29/2018,8277.009766,16.50771,126.389999,160.412903,257.905518,110.771942,68.75,171.013565,236.569107,1.252
2/5/2018,8129.970215,15.672121,124.769997,152.119904,244.844101,109.480202,62.084,162.8564,224.656097,1.426
2/12/2018,10551.79981,16.099632,127.959999,160.754013,255.7146,110.195007,67.098,171.090164,234.466843,1.364
2/19/2018,9664.730469,16.381401,126.139999,163.882187,257.212646,109.656624,70.410004,175.408127,235.91507,1.3275
2/26/2018,11512.59961,16.157928,125.389999,161.757767,251.941284,109.860825,67.024002,177.169724,231.121826,1.38
3/5/2018,9578.629883,16.196793,125.540001,168.744919,261.107758,109.673096,65.433998,185.977966,239.428238,1.504
3/12/2018,8223.679688,16.167645,124.599998,166.65947,256.735168,111.440384,64.269997,184.809921,236.382233,1.574
3/19/2018,8495.780273,16.478559,127.610001,154.468445,242.581512,111.775238,60.307999,171.875244,222.460342,1.692
3/26/2018,6844.22998,16.497993,125.790001,156.300308,247.375763,113.384384,53.226002,172.721619,226.188416,1.708
4/2/2018,7023.52002,16.255091,126.389999,152.884018,244.151413,112.640266,59.860001,164.557968,223.975342,1.6625
4/9/2018,8329.110352,16.80891,127.449997,157.51062,249.255905,112.69458,60.068001,172.894287,228.649658,1.678
4/16/2018,8802.459961,16.974083,126.629997,158.418427,250.628372,110.420204,58.048,165.210297,229.963745,1.64
4/23/2018,9419.080078,16.983801,125.5,158.213409,250.581375,110.82103,58.816002,163.646652,229.888657,1.672
4/30/2018,9654.799805,17.18784,124.540001,160.926941,250.073715,110.914223,58.818001,168.625412,229.409973,1.648
5/7/2018,8723.94043,17.36273,125,165.407196,256.494354,111.38298,60.212002,175.743454,235.098038,1.682
5/14/2018,8513.25,17.634779,122.410004,163.455002,255.065414,109.495918,55.363998,175.167831,233.962296,1.688
5/21/2018,7368.220215,17.508471,123.209999,165.66095,255.836288,111.747284,55.77,181.038727,234.694427,1.694
5/28/2018,7720.25,17.401594,122.489998,168.608749,257.199402,112.382538,58.363998,183.897446,235.980347,1.7325
6/4/2018,6786.02002,17.343296,123.010002,170.268051,261.514252,111.922676,63.532001,184.08931,239.885056,1.762
6/11/2018,6499.27002,16.77976,121.339996,172.747314,260.517853,112.718559,71.634003,185.345947,240.129059,1.802
6/18/2018,6173.22998,16.935221,120.339996,171.127029,259.430756,112.859009,66.725998,178.726822,238.007813,1.82
6/25/2018,6385.819824,17.178123,118.650002,167.903381,256.163574,113.973274,68.589996,170.985275,234.196976,1.836
7/2/2018,6773.879883,16.974083,118.860001,171.776962,260.072906,114.937729,61.779999,176.174789,238.59288,1.802
7/9/2018,6359.640137,16.546576,117.610001,175.689651,264.010498,115.16983,63.773998,175.115906,242.157501,1.8775
7/16/2018,7418.490234,16.459129,116.559998,175.083206,264.09552,113.330429,62.716,177.522415,242.336655,1.886
7/23/2018,8218.459961,16.76033,115.830002,173.743057,265.738586,112.110413,59.436001,179.139587,243.854889,1.892
7/30/2018,7068.47998,16.672884,114.919998,176.149353,267.797089,111.885155,69.634003,180.429443,245.806992,1.904
8/6/2018,6322.689941,16.556292,114.690002,176.579803,267.381622,113.489723,71.098,177.069962,245.297699,1.916
8/13/2018,6506.069824,16.332819,112.129997,175.934174,269.175751,113.790703,61.099998,172.998184,246.938583,1.93
8/20/2018,6707.259766,16.721464,114.160004,178.496994,271.489227,115.022896,64.564003,179.813385,249.145264,1.952
8/27/2018,7272.720215,16.886639,113.510002,182.575989,274.133148,113.809509,60.332001,183.201752,251.521698,1.948
9/3/2018,6300.859863,16.663168,113.230003,177.156921,271.574219,112.050636,52.647999,178.167343,249.126404,1.9625
9/10/2018,6517.180176,16.71175,113.019997,179.97403,274.671417,111.756302,59.040001,180.265823,252.125153,1.988
9/17/2018,6710.629883,16.993515,113.489998,179.700165,275.719574,110.389427,59.82,181.24762,254.199753,2.016
9/24/2018,6625.560059,17.45989,112.760002,181.734741,275.763031,110.549698,52.953999,178.128799,251.832886,2.046
10/1/2018,6602.950195,17.780521,113.800003,176.534943,273.012177,106.56208,52.389999,172.340485,250.593124,2.116
10/8/2018,6290.930176,17.38216,115.230003,170.82196,261.75296,108.150856,51.756001,164.015869,240.229858,2.15
10/15/2018,6482.350098,17.246136,116.010002,169.548035,262.037476,107.432793,52,160.670624,240.466721,2.16
10/22/2018,6486.390137,16.964367,116.769997,163.315674,251.679306,108.642143,66.18,150.953796,230.908646,2.19
10/29/2018,6376.129883,16.323103,116.650002,165.98111,257.901764,105.817207,69.281998,162.468933,236.639679,2.186
11/5/2018,6411.27002,15.934458,114.480003,168.07814,263.469818,107.352585,70.101997,161.134689,241.878128,2.202
11/12/2018,5623.540039,15.662407,115.620003,164.138824,259.647125,108.631187,70.862,160.0905,238.231125,2.22
11/19/2018,4009.969971,14.865684,115.769997,156.015182,249.706314,109.047882,65.166,154.888885,229.250916,2.224
11/26/2018,4139.87793,14.855967,115.540001,165.971298,261.468384,109.227844,70.096001,162.671982,240.116211,2.2425
12/3/2018,3614.234375,15.254329,118.089996,158.141617,250.009888,112.144867,71.594002,152.249374,229.487717,2.308
12/10/2018,3252.839111,15.011425,117.059998,157.847656,247.069351,112.471542,73.141998,154.840515,226.759567,2.3425
12/17/2018,3998.980225,14.32158,118.720001,144.60878,228.316467,114.597946,63.953999,144.427597,209.500153,2.332
12/24/2018,3865.952637,14.039812,121.059998,149.900406,236.376068,115.183762,66.774002,150.973663,216.920242,2.39
12/31/2018,4076.632568,14.615866,121.440002,153.532974,240.803055,116.192421,63.537998,150.586105,220.872757,2.4175
1/7/2019,3552.953125,15.078455,121.800003,157.916,247.09053,115.069603,69.452003,159.7034,226.568115,2.41
1/14/2019,3601.013672,15.314672,121.019997,162.397263,254.227173,113.766006,60.452,161.660599,233.263565,2.41
1/21/2019,3583.96582,15.30483,122.860001,162.298965,253.578339,114.688995,59.408001,168.384735,232.692123,2.4075
1/28/2019,3464.013428,15.413095,124.5,164.559296,257.661865,115.09816,62.442001,169.32457,236.406479,2.376
2/4/2019,3690.188232,15.245775,124.209999,165.650116,258.053009,116.683846,61.16,171.446472,236.816025,2.406
2/11/2019,3673.836182,15.659153,124.800003,168.971771,264.636292,116.330986,61.576,177.879929,242.844788,2.418
2/18/2019,3810.42749,15.836315,125.5,169.905396,266.325012,115.939995,58.942001,179.73053,244.397171,2.43
2/25/2019,3847.175781,15.531202,121.879997,171.379486,267.546265,113.164764,58.958,179.604553,245.559143,2.43
3/4/2019,3951.599854,15.52136,122.839996,168.215073,261.859894,116.184914,56.827999,173.926834,240.330399,2.438
3/11/2019,4025.229004,15.668996,122.970001,175.271103,268.395386,116.356934,55.085999,183.557663,247.483002,2.442
3/18/2019,4022.168213,15.68868,123.970001,175.477524,267.603485,119.32917,52.905998,184.400635,244.254318,2.456
3/25/2019,4105.404297,15.64931,122.010002,176.879822,270.698792,120.839188,55.972,184.144592,248.579224,2.476
4/1/2019,5198.896973,15.915053,121.980003,181.802444,276.534821,118.535934,54.992001,195.016098,253.818222,2.44
4/8/2019,5167.722168,16.052845,121.830002,182.954346,278.058472,117.494499,53.540001,197.474075,255.226105,2.426
4/15/2019,5314.53125,15.954422,120.370003,184.490204,277.924316,117.714798,54.652,205.664124,255.092026,2.414
4/22/2019,5285.13916,15.777262,121.370003,187.699738,281.173004,118.586403,47.028,204.167923,258.118591,2.435
4/29/2019,5795.708496,15.619783,120.650002,188.152618,281.76712,118.442734,51.006001,207.471161,258.645355,2.43
5/6/2019,6972.371582,15.442621,121.43,182.137177,276.084412,119.737572,47.903999,195.472702,253.348831,2.428
5/13/2019,8197.689453,15.64931,120.650002,180.207489,273.918671,120.927734,42.206001,185.378464,251.519516,2.424
5/20/2019,8673.21582,15.383568,121.300003,175.403061,270.986298,122.645813,38.125999,173.496613,248.722885,2.398
5/27/2019,8742.958008,14.891451,123.330002,171.258194,263.78949,126.533081,37.032001,171.495239,242.190857,2.37
6/3/2019,7688.077148,14.93082,126.589996,178.238464,275.653168,126.446732,40.900002,182.638748,252.994522,2.356
6/10/2019,8994.488281,15.029244,126.559998,179.813705,277.196045,126.436951,42.984001,179.714432,254.402451,2.314
6/17/2019,10855.37109,15.452464,131.979996,185.651947,281.738373,126.40802,44.372002,186.204285,259.947906,2.23
6/24/2019,10817.15527,15.481991,133.199997,183.850266,282.145721,127.735336,44.692001,193.554199,257.783325,2.154
7/1/2019,11450.84668,15.393411,132.139999,188.509415,287.403381,127.369858,46.619999,193.944443,263.763275,2.152
7/8/2019,10256.05859,15.806787,133.529999,190.956451,289.512268,125.48996,49.015999,199.30983,265.823547,2.2375
7/15/2019,10599.10547,15.314672,134.470001,188.469986,286.161194,126.90657,51.636002,202.168137,262.781281,2.18
7/22/2019,9552.860352,15.255617,133.639999,192.693054,290.821899,126.694588,45.608002,211.36734,267.046295,2.128
7/29/2019,10970.18457,14.901294,135.889999,184.858658,281.779724,131.551437,46.868,197.456345,258.795532,2.126
8/5/2019,11523.5791,14.714289,141.259995,184.010086,280.816772,135.231552,47.001999,194.43219,257.726837,2.074
8/12/2019,10345.81055,14.596181,142.779999,183.013519,278.149414,141.102386,43.987999,196.217407,255.339279,2.06
8/19/2019,10138.51758,14.576497,144.169998,179.64888,274.297607,140.938217,42.279999,191.993378,251.825272,2.044
8/26/2019,9757.970703,14.596181,143.75,184.977036,281.616058,142.212799,45.122002,199.719543,258.593353,2.068
9/2/2019,10441.27637,14.881609,141.919998,189.042267,287.008575,140.774033,45.490002,208.470016,263.54184,2.085
9/9/2019,10347.71289,14.871766,140.149994,189.979599,289.935944,132.075485,49.040001,213.367172,266.276062,2.05
9/16/2019,10070.39258,15.235932,142.949997,188.262772,287.230103,137.250534,48.124001,207.56279,264.803009,2.022
9/23/2019,8104.185547,14.950504,141.059998,184.542908,285.770386,138.063049,48.425999,204.431351,261.154236,1.988
9/30/2019,7988.155762,14.7635,141.899994,186.674911,284.754608,141.216522,46.285999,209.198074,261.536377,1.884
10/7/2019,8321.005859,15.048928,140.029999,188.948914,286.621704,136.085739,49.577999,211.706573,263.238861,1.762
10/14/2019,8222.078125,15.009559,140.460007,189.522354,288.256622,135.252365,51.389999,211.363602,264.747925,1.72
10/21/2019,9551.714844,15.363883,141.860001,193.427689,291.76828,134.22525,65.625999,219.202789,267.988464,1.74
10/28/2019,9235.354492,15.363883,142.559998,196.62117,296.160309,136.202042,62.661999,224.8862,272.012543,1.742
11/4/2019,9055.526367,15.363883,137.389999,198.954468,298.868988,130.955276,67.428001,231.020309,274.527527,1.604
11/11/2019,8577.975586,15.334356,138.210007,200.615479,301.626099,133.721756,70.433998,232.127609,277.071655,1.56
11/18/2019,7047.916992,15.363883,137.740005,199.547684,300.823151,135.798981,66.608002,225.062561,276.317108,1.578
11/25/2019,7424.29248,15.068613,137.860001,202.780716,304.063995,136.303741,65.987999,228.776352,279.219116,1.58
12/2/2019,7564.345215,15.422937,137.619995,202.681854,304.605682,134.294434,67.178001,229.677887,279.741486,1.625
12/9/2019,7152.301758,15.619783,139.050003,204.847076,306.97583,135.196274,71.678001,239.594421,281.917938,1.546
12/16/2019,7511.588867,15.856,139.520004,209.315948,310.274658,132.87233,81.117996,246.267532,286.619171,1.552
12/23/2019,7422.652832,15.826472,142.330002,211.194473,313.870789,133.737396,86.075996,248.122177,286.977081,1.56
12/30/2019,7411.317383,16.16,145.860001,212.217148,313.43335,135.490448,88.601997,247.325607,287.949829,1.5525
1/6/2020,8192.494141,15.87,146.910004,216.428177,316.641449,134.828201,95.629997,249.144852,290.885376,1.5175
1/13/2020,8706.245117,15.77,146.580002,221.332825,322.707764,134.419159,102.099998,255.792358,296.523041,1.522
1/20/2020,8596.830078,15.11,147.979996,220.659058,319.616241,138.373215,112.963997,256.559418,293.577789,1.535
1/27/2020,9344.365234,14.58,149.330002,217.062332,312.772308,142.093552,130.113998,239.016205,287.415253,1.532
2/3/2020,10116.67383,14.53,147.789993,227.099503,322.950775,140.661942,149.613998,249.115356,296.785461,1.552
2/10/2020,9934.433594,14.65,149,232.489639,328.200409,141.012711,160.005997,261.082886,301.596924,1.568
2/17/2020,9924.515625,14.78,154.699997,228.159683,324.19516,144.417267,180.199997,252.655457,297.912994,1.5825
2/24/2020,8562.454102,13.61,148.380005,203.91394,288.011475,151.509384,133.598007,227.933731,264.135498,1.606
3/2/2020,8108.116211,13.36,157.550003,206.113586,289.17804,162.68898,140.695999,227.048676,265.544891,1.52
3/9/2020,5392.314941,12.11,143.279999,190.577286,261.821533,150.394669,109.323997,205.935883,240.7099,0.878
3/16/2020,5830.254883,10.94,140.110001,169.13562,222.429688,155.758224,85.505997,173.720917,205.804184,0.396
3/23/2020,5922.042969,11.42,152.25,183.601807,247.812897,163.837753,102.872002,198.914658,227.406097,0.05
3/30/2020,6791.129395,11.42,152.649994,182.07666,242.698624,164.619278,96.001999,193.383301,222.679459,0.014
4/6/2020,6971.091797,11.56,158.690002,199.443329,272.044617,161.814392,114.599998,214.70694,249.681839,0.07
4/13/2020,7189.424805,11.44,158.570007,213.771545,280.297882,164.182083,150.778,228.333984,257.435822,0.1525
4/20/2020,7679.867188,10.7,162.639999,212.331757,276.709106,167.146576,145.029999,227.672867,254.04718,0.134
4/27/2020,8897.46875,10.76,159.779999,211.239532,276.533051,164.319016,140.264008,220.617599,253.73468,0.09
5/4/2020,8756.430664,11.25,160.419998,223.274033,285.969574,160.643021,163.884003,237.846252,262.484802,0.096
5/11/2020,9670.739258,11.2,163.929993,221.695267,279.945862,163.317459,159.834,228.107025,256.879272,0.092
5/18/2020,8790.368164,11.55,163.210007,228.040207,288.903198,162.181076,163.376007,241.428162,265.189941,0.096
5/25/2020,9461.058594,11.78,162.910004,231.714096,297.5867,160.260956,167,248.522903,273.197876,0.0875
6/1/2020,9758.852539,12.32,158.009995,237.999451,312.274323,152.933121,177.132004,268.603271,286.733215,0.12
6/8/2020,9386.788086,12.01,162.619995,234.216309,297.479126,159.201569,187.056,255.538681,273.10022,0.13
6/15/2020,9303.629883,12.33,164.029999,242.517365,301.811096,159.28981,200.179993,263.738586,278.295593,0.14
6/22/2020,9143.582031,12.05,166.539993,238.525726,294.702332,162.095215,191.947998,258.280914,270.61969,0.134
6/29/2020,9073.942383,12.46,166.979996,250.846756,306.665283,160.466919,241.731995,267.665588,280.092468,0.118
7/6/2020,9276.5,12.66,169.190002,262.564026,311.929718,163.345932,308.929993,277.880951,286.44693,0.125
7/13/2020,9185.817383,12.66,170.119995,258.038269,315.986115,163.787827,300.167999,277.702911,290.128113,0.11
7/20/2020,9905.166992,12.9,178.699997,254.198792,315.161133,166.694748,283.399994,273.984619,289.41153,0.114
7/27/2020,11053.61426,12.94,185.429993,264.374329,320.700562,167.932129,286.152008,287.166687,294.594666,0.094
8/3/2020,11675.73926,13.17,190.809998,270.024078,328.607147,166.832245,290.541992,292.912201,301.721497,0.092
8/10/2020,11892.80371,13.24,182.539993,270.710419,330.836639,160.430664,330.141998,296.056915,303.832062,0.082
8/17/2020,11664.84766,13.3,182.029999,280.368683,333.429626,163.399811,409.996002,295.47345,306.207642,0.084
8/24/2020,11711.50586,13.55,184.389999,290.971924,344.331787,158.405411,442.679993,304.492188,316.240112,0.078
8/31/2020,10280.35156,13.14,181.639999,282.06958,336.464539,159.998108,418.320007,297.916016,309.044617,0.084
9/7/2020,10323.75586,12.9,182.449997,269.009521,328.106201,161.891434,372.720001,287.690826,301.34848,0.095
9/14/2020,10938.27148,13.43,183.199997,265.448547,324.756989,160.995789,442.149994,290.934418,299.404724,0.1
9/21/2020,10774.42676,12.95,174.940002,270.113586,324.163666,162.521378,407.339996,291.972778,297.716309,0.088
9/28/2020,10684.42871,12.74,178.539993,272.848938,329.202667,160.188675,415.089996,299.529236,301.093231,0.082
10/5/2020,11384.18164,13.34,181.080002,284.188202,342.031952,157.73381,434,322.763123,314.068878,0.086
10/12/2020,11483.35938,13.27,178.300003,286.973328,342.465881,159.014664,439.670013,323.229553,314.473053,0.0875
10/19/2020,13031.17383,13.26,178.639999,283.223389,340.976807,155.684433,420.630005,317.929718,313.152069,0.094
10/26/2020,13737.10938,12.65,176.199997,267.94516,322.004089,155.250916,388.040009,303.181549,295.574524,0.082
11/2/2020,15479.56738,13.11,183.190002,293.040802,345.29599,157.063828,429.950012,340.71698,317.194,0.08
11/9/2020,15955.58789,13.35,177.160004,289.380402,353.125702,155.999557,408.5,338.335022,324.351196,0.092
11/16/2020,18370.00195,13.6,175.690002,288.833344,350.394135,159.303772,489.609985,344.756348,321.866882,0.095
11/23/2020,18177.48438,14.02,167.789993,297.417419,358.618317,158.031403,585.76001,354.978851,329.408539,0.08
11/30/2020,19345.12109,14.04,172.320007,303.8927,364.712433,153.079971,599.039978,376.555267,334.99826,0.08
12/7/2020,19142.38281,14.24,172.490005,300.242279,361.211792,156.760895,609.98999,364.883759,331.784424,0.076
12/14/2020,23477.29492,14.69,176.440002,308.408539,364.051788,154.351791,695,372.019653,335.816498,0.074
12/21/2020,26272.29492,14.6,176.350006,307.911194,365.425323,155.461609,661.77002,371.066528,334.357452,0.078
12/28/2020,32782.02344,14.7,178.360001,312.634552,370.258057,155.896515,705.669983,377.093201,340.208832,0.08
1/4/2021,38356.44141,15.24,173.339996,317.905914,377.566589,149.56102,880.02002,396.56546,346.870667,0.0775
1/11/2021,35791.27734,15.3,171.130005,310.7612,372.060425,150.055206,826.159973,403.835236,341.871796,0.086
1/18/2021,32289.37891,15.09,173.899994,324.273438,379.170868,150.114487,846.640015,415.053131,348.335663,0.0875
1/25/2021,33114.35938,15.19,172.610001,313.45166,366.484985,150.233124,793.530029,389.265869,336.734375,0.072
2/1/2021,38903.44141,15.87,169.809998,330.192474,383.954071,146.309235,852.22998,403.377747,352.829712,0.056
2/8/2021,48717.28906,16.32,170.690002,335.264557,388.836334,145.568512,816.119995,434.75412,357.392975,0.032
2/15/2021,57539.94531,16.52,167.009995,329.853699,386.251617,141.768738,781.299988,435.281189,354.957886,0.0425
2/22/2021,45137.76953,16.73,161.809998,313.033173,376.675262,141.6203,675.5,414.61554,346.049072,0.03
3/1/2021,51206.69141,17.370001,159.139999,307.592377,379.913605,137.454437,597.950012,394.427277,349.117676,0.034
3/8/2021,59302.31641,17.42,161.490005,314.348511,390.242554,134.79628,693.72998,400.941223,358.689728,0.038
3/15/2021,57523.42188,16.83,163.240005,312.036713,385.70694,133.498474,654.869995,407.504913,355.591461,0.032
3/22/2021,55950.74609,16.77,162.240005,314.886597,393.428345,135.390747,618.710022,419.01123,360.322998,0.012
3/29/2021,58758.55469,16.889999,161.979996,323.83493,398.028473,136.232819,661.75,437.984772,365.716034,0.02
4/5/2021,60204.96484,16.780001,163.270004,336.346497,408.838379,136.419144,677.02002,445.178589,375.739075,0.018
4/12/2021,56216.18359,17.440001,166.350006,341.235413,414.571198,138.155258,739.780029,440.077179,381.083374,0.018
4/19/2021,49004.25391,17.639999,166.399994,338.651306,414.054535,138.948929,729.400024,431.777405,380.487335,0.02
4/26/2021,56631.07813,17.91,165.660004,337.224518,414.610931,137.540192,709.440002,420.498474,381.023743,0.012
5/3/2021,58232.31641,18.73,171.589996,333.443115,419.399872,138.125519,672.369995,420.747589,385.454132,0.012
5/10/2021,46456.05859,18.41,172.690002,325.650818,413.895569,136.191971,589.73999,403.201477,380.407898,0.012
5/17/2021,34770.58203,18.15,176.039993,326.269379,412.266144,136.778168,580.880005,412.537506,378.937714,0.006
5/24/2021,35678.12891,18.6,178.380005,333.173706,417.333282,137.543167,625.219971,431.109833,383.566772,0.004
5/31/2021,35862.37891,19.08,177.160004,334.839905,419.876801,138.993698,599.049988,435.414154,385.921021,0.005
6/7/2021,39097.85938,19.219999,175.740005,340.467163,421.575775,141.591644,609.890015,434.019257,387.500458,0.008
6/14/2021,35698.29688,18.620001,164.929993,341.854004,412.246277,144.99437,623.309998,427.185822,380.278748,0.01
6/21/2021,34649.64453,18.99,166.589996,348.668518,425.24762,141.293121,671.869995,438.737579,390.887817,0.04
6/28/2021,35287.78125,19.5,167.289993,358.242828,432.33493,144.307846,678.900024,449.341675,396.102997,0.044
7/5/2021,34240.1875,19.120001,169.210007,360.610199,434.129181,145.980438,656.950012,443.216614,399.061249,0.0475
7/12/2021,31796.81055,19.02,169.410004,357.203979,429.962524,147.65416,644.219971,425.709442,395.313538,0.054
7/19/2021,35350.1875,19.15,168.559998,367.792236,438.535095,147.943054,643.380005,443.944855,403.058167,0.052
7/26/2021,39974.89453,19.5,169.820007,364.16626,437.10965,148.959244,687.200012,455.795898,401.832153,0.046
8/2/2021,43798.11719,19.01,164.639999,367.642395,441.076935,147.225754,699.099976,464.634277,405.530029,0.046
8/9/2021,47047.00391,19.07,166.389999,368.41156,444.496002,148.173233,717.169983,454.050171,408.619904,0.046
8/16/2021,49321.65234,17.9,166.699997,367.322754,441.944153,150.168167,680.26001,444.643158,406.277588,0.046
8/23/2021,48829.83203,19.200001,170.190002,375.623566,448.812164,149.080933,711.919983,469.87146,412.507141,0.036
8/30/2021,51753.41016,19.33,171.059998,381.14743,451.633118,147.804169,733.570007,469.731842,415.208313,0.038
9/6/2021,46063.26953,19.360001,167.179993,376.172943,444.017517,148.211823,736.27002,467.317719,408.24115,0.04
9/13/2021,47260.21875,19.52,163.770004,373.415985,439.990417,148.98085,759.48999,467.856415,405.749298,0.056
9/20/2021,43208.53906,19.92,163.300003,372.916534,443.910004,146.723724,774.390015,471.647125,408.121521,0.054
9/27/2021,48199.95313,20.450001,164.589996,360.179993,434.23999,145.165695,775.219971,446.160004,397.815338,0.052
10/4/2021,54771.57813,21.02,164.229996,361.160004,437.859985,141.880005,785.48999,443.559998,402.48999,0.072
10/11/2021,61593.94922,21.68,165.330002,368.940002,445.869995,145.029999,843.030029,454.190002,409.929993,0.0525
,,,,,,,,,,0.04
,,,,,,,,,,0.06
